id;menu_order;classe;category;chapitre;slug;status
2;0;NULL;page;NULL;page-d-exemple-2-2;active
735;0;obsolete;exercices;2nde-geometrie-dans-lespace;volume-tetraede;active
766;0;obsolete;exercices;1erees-second-degre;recherche-du-cout-minimum;active
789;0;obsolete;exercices;1erees-fonctions;courbe-cube-140821;active
791;0;obsolete;exercices;1erees-fonctions;courbe-racine-carree;active
795;0;premiere;exercices;1erees-fonctions;sens-variation;active
806;0;premiere;exercices;1erees-fonctions;comparaison-racines-carrees-140821;active
810;0;obsolete;exercices;1erees-fonctions;echelle-de-beaufort;active
814;0;obsolete;exercices;1erees-derivees;courbe-tangentes;active
820;0;obsolete;exercices;1erees-derivees;cout-marginal;active
872;0;obsolete;exercices;1erees-suites-arithmetiques-et-geometriques;qsc-suites-arithmetique-geometrique-1esl-140906;active
874;0;obsolete;exercices;1erees-suites;suite-calculatrice-140823;active
919;0;obsolete;exercices;1erees-echantillonnage;intervalle-fluctuation;active
922;0;obsolete;exercices;1erees-echantillonnage;echantillonnage-panne-informatique;active
929;0;obsolete;exercices;1erees-echantillonnage;algorithme-intervalle-fluctuation;active
935;0;obsolete;methode;1erees-echantillonnage;intervalle-fluctuation-tableur;active
1049;0;obsolete;exercices;ts-lois-normales;calculatrice-loi-normale-1;active
1052;0;obsolete;exercices;ts-lois-normales;calcul-loi-normale-1;active
1061;0;terminale;exercices;ts-estimation;bac-intervalle-fluctuation-asymptotique-1;active
1063;0;obsolete;exercices;ts-estimation;bac-intervalle-de-fluctuation-asymptotique-2;active
1066;0;obsolete;exercices;ts-estimation;intervalle-fluctuation-taille-echantillon;active
1068;0;terminale;exercices;ts-estimation;taux-reussite-bac-intervalle-fluctuation;active
1076;0;tle-complementaire;exercices;tes-exponentielle;bac-fonction-application-economique-140831;active
1079;0;tle-complementaire;exercices;tes-exponentielle;simplification-exponentielle-base-q;active
1083;0;tle-complementaire;exercices;tes-exponentielle;bac-fonction-exponentielle-cout-marginal;active
1125;0;terminale;exercices;tes-spe-matrices;matrice-puissance-inverse-140912;active
1152;0;tle-complementaire;exercices;tes-spe-graphe-probabiliste;matrice-de-transition-bac-es-metropole-2008;active
1165;0;tle-complementaire;exercices;tes-spe-graphe-probabiliste;matrice-transition;active
1183;0;tle-complementaire;exercices;tes-spe-graphe-probabiliste;matrice-transition-suites;active
1190;0;tle-complementaire;exercices;tes-spe-graphe-probabiliste;probabilites-matrice-transition-bac-es-amerique-nord-2008;active
1207;0;tle-complementaire;sommaire_annales;NULL;bac-es-annales-2008;active
1210;0;tle-complementaire;exercices;NULL;qcm-fonctions-bac-es-metropole-2008;active
1219;0;tle-complementaire;exercices;NULL;loi-binomiale-bac-es-metropole-2008-2;active
1239;0;terminale;exercices;ts-variable-aleatoire-continue;probabilites-loi-exponentielle;active
1256;0;terminale;exercices;ts-lois-normales;approximation-loi-binomiale-loi-normale;active
1261;0;terminale;exercices;ts-lois-normales;probabilites-loi-normale;active
1273;0;terminale;exercices;ts-estimation;bac-intervalle-fluctuation-asymptotique-3;active
1331;0;terminale;exercices;ts-exponentielle;roc-limites-exponentielle;active
1333;0;terminale;exercices;ts-exponentielle;etude-fonction-exponentielle-1;active
1341;0;terminale;exercices;ts-exponentielle;exponentielle-limites-tangentes;active
1345;0;terminale;exercices;ts-exponentielle;famille-fonctions-exponentielle;active
1582;0;troisieme;sommaire_annales;NULL;annales-brevet-2013;active
1585;0;troisieme;sommaire_annales;NULL;annales-brevet-2014;active
1590;0;terminale;sommaire_annales;NULL;annales-bac-2008;active
1594;0;terminale;sommaire_annales;NULL;bac-s-annales-2009;active
1596;0;terminale;sommaire_annales;NULL;annales-bac-2011;active
1598;0;terminale;sommaire_annales;NULL;annales-bac-2012;active
1600;0;terminale;sommaire_annales;NULL;annales-bac-2013;active
1604;0;terminale;sommaire_annales;NULL;annales-bac-2014;active
1608;0;NULL;outil;NULL;second-degre;active
1610;0;NULL;calcul;NULL;outil-equation-du-2nd-degre;active
1613;0;tle-complementaire;sommaire_annales;NULL;bac-es-annales-2009;active
1616;0;tle-complementaire;sommaire_annales;NULL;bac-es-annales-2011;active
1618;0;tle-complementaire;sommaire_annales;NULL;bac-es-annales-2012;active
1621;0;tle-complementaire;sommaire_annales;NULL;bac-es-annales-2013;active
1623;0;tle-complementaire;sommaire_annales;NULL;bac-es-annales-2014;active
1626;0;obsolete;solver;1erees-echantillonnage;loi-binomiale-cumulee;active
1642;0;obsolete;qcm;1erees-fonctions;vrai-faux-variations-141003;active
2884;0;NULL;exercices;NULL;geometrie-dans-lespace-bac-s-metropole-2015;active
2920;0;obsolete;supplement;1erees-statistiques;statistiques-deux-variables;active
2926;0;terminale;supplement;ts-exponentielle;equations-differentielles;active
3170;0;NULL;exercices;NULL;fonctions-integrales-metropole-bac-s-2015;active
3216;0;terminale;sommaire_annales;NULL;bac-s-annales-2015;active
3285;0;NULL;page;NULL;contact;active
3563;0;obsolete;exercices;2nde-geometrie-dans-lespace;solides-volumes-cuboctaedre;active
3679;0;NULL;enigme;NULL;les-joueurs-de-cartes;active
3695;0;NULL;enigme;NULL;traversee-rectangle;active
4142;0;terminale;sommaire_annales;NULL;bac-s-annales-2016;active
4162;0;NULL;enigme;NULL;quelle-heure-est-il;active
4238;0;terminale;exercices;ts-variable-aleatoire-continue;deux-loi-exponentielles;active
4281;0;obsolete;exercices;1erees-suites-arithmetiques-et-geometriques;suites-arithmetiques-geometriques;active
4304;0;NULL;enigme;NULL;la-fontaine-et-les-arbres;active
4361;0;obsolete;exercices;ts-estimation;sondage-intervalle-de-confiance;active
4497;0;NULL;enigme;NULL;seconde-mi-temps;active
4543;0;obsolete;exercices;2nde-trigonometrie;calcul-de-cos15;active
4625;0;terminale;exercices;ts-exponentielle;exponentielle-limites-etude-de-fonction;active
4937;0;NULL;enigme;NULL;un-triangle-dans-un-carre;active
5204;0;obsolete;exercices;1erees-loi-de-probabilite;loi-de-probabilite-esperance-mathematique;active
5234;0;NULL;page;NULL;signaler-une-erreur;active
5394;0;NULL;enigme;NULL;une-question-dordre;active
5795;0;NULL;enigme;NULL;aire-du-trapeze;active
6070;0;tle-complementaire;exercices;NULL;qcm-bac-esl-metropole-reunion-2016;active
6089;0;tle-complementaire;sommaire_annales;NULL;bac-esl-annales-2016;active
6204;0;tle-complementaire;sommaire_annales;NULL;bac-esl-annales-2017;active
6207;0;tle-complementaire;exercices;NULL;bac-esl-pondichery-2017;active
6210;0;terminale;sommaire_annales;NULL;bac-s-annales-2017;active
6338;0;terminale;exercices;NULL;bac-s-amerique-du-nord-2017-pdf;active
6342;0;tle-complementaire;exercices;NULL;bac-es-l-amerique-nord-2017-pdf;active
6351;0;terminale;exercices;NULL;bac-s-centres-etrangers-2017-pdf;active
6353;0;tle-complementaire;exercices;NULL;bac-esl-centres-etrangers-2017-pdf;active
6356;0;terminale;exercices;NULL;bac-s-metropole-2017-pdf;active
6358;0;tle-complementaire;exercices;NULL;bac-esl-metropole-2017-pdf;active
7057;0;tle-complementaire;sommaire_annales;NULL;bac-es-l-annales-2018;active
7226;0;terminale;sommaire_annales;NULL;bac-s-annales-2018;active
7676;0;terminale;exercices;ts-variable-aleatoire-continue;roc-esperance-mathematique-dune-loi-exponentielle;active
9359;0;NULL;system;NULL;liste-outils-system;waiting
9361;0;NULL;system;NULL;liste-outils-system-2;waiting
9362;0;NULL;system;NULL;liste-outils-system-2-2;waiting
9364;0;NULL;system;NULL;brouillon-auto;waiting
9542;0;troisieme;sommaire_annales;NULL;diplome-national-du-brevet-2018;active
9940;0;troisieme;sommaire_annales;NULL;diplome-national-du-brevet-2017;active
10875;0;tle-complementaire;sommaire_annales;NULL;bac-es-l-annales-2019;active
11279;0;premiere;sommaire_annales;NULL;premiere-controles-continus-2020;active
15466;0;NULL;pageadmin;NULL;update-posts-terms;waiting
15467;0;NULL;pageadmin;NULL;get-all-posts;waiting
15468;0;NULL;pageadmin;NULL;get-order-cours;waiting
19201;0;NULL;pageadmin;NULL;temp1;waiting
19202;0;NULL;pageadmin;NULL;temp2;waiting
19204;0;NULL;pageadmin;NULL;liste-pages-admin;waiting
19205;0;NULL;pageadmin;NULL;todo;waiting
19357;0;NULL;pageadmin;NULL;update-order;waiting
19375;0;NULL;pageadmin;NULL;update-from-current-csv;waiting
19887;0;NULL;pageadmin;NULL;posts-recents;waiting
19905;0;NULL;pageadmin;NULL;mise-a-jour-article;waiting
19908;0;NULL;pageadmin;NULL;mise-a-jour-tous-les-articles;waiting
19949;0;NULL;pageadmin;NULL;;waiting
1752;1;troisieme;exercices;NULL;qcm-brevet-pondichery-2013;active
1810;1;troisieme;exercices;NULL;octogone-regulier-brevet-metropole-2014;active
1854;1;tle-complementaire;exercices;NULL;revisions-fonctions-bac-es-amerique-nord-2008;active
1871;1;tle-complementaire;exercices;NULL;qcm-general-bac-es-pondichery-2008;active
1878;1;tle-complementaire;exercices;NULL;lecture-graphique-integrale-bac-es-liban-2008;active
1893;1;tle-complementaire;exercices;NULL;qcm-lecture-graphique-bac-es-polynesie-francaise-2008;active
1909;1;tle-complementaire;exercices;NULL;ajustement-affine-bac-es-metropole-2009;active
1947;1;tle-complementaire;exercices;NULL;qcm-fonctions-bac-es-liban-2009;active
1968;1;tle-complementaire;exercices;NULL;qcm-fonctions-bac-es-centres-etrangers-2009;active
2004;1;tle-complementaire;exercices;NULL;pourcentages-ajustement-bac-es-metropole-2012;active
2032;1;tle-complementaire;exercices;NULL;qcm-bac-es-pondichery-2013;active
2051;1;tle-complementaire;exercices;NULL;qcm-bac-es-liban-2013;active
2066;1;tle-complementaire;exercices;NULL;qcm-bac-es-amerique-nord-2013;active
2080;1;tle-complementaire;exercices;NULL;qcm-bac-es-polynesie-2013;active
2113;1;tle-complementaire;exercices;NULL;probabilites-bac-es-metropole-2013;active
2129;1;tle-complementaire;exercices;NULL;vrai-faux-bac-es-pondichery-2014;active
2150;1;tle-complementaire;exercices;tes-estimation;qcm-bac-es-liban-2014;active
2153;1;tle-complementaire;exercices;NULL;qcm-bac-es-amerique-nord-2014;active
2168;1;tle-complementaire;exercices;NULL;probabilites-bac-es-centres-etrangers-2014;active
2181;1;tle-complementaire;exercices;NULL;probabilites-bac-es-polynesie-2014;active
2191;1;tle-complementaire;exercices;NULL;qcm-bac-es-metropole-2014;active
2213;1;terminale;exercices;NULL;integrales-calcul-aire-bac-s-metropole-2008;active
2239;1;terminale;exercices;NULL;integrale-encadrement-bac-s-pondichery-2008;active
2264;1;terminale;exercices;NULL;nombres-complexes-geometrie-bac-s-amerique-du-nord-2008;active
2282;1;terminale;exercices;NULL;nombres-complexes-geometrie-bac-s-polynesie-francaise-2008;active
2340;1;terminale;exercices;NULL;integrales-suites-bac-s-pondichery-2009;active
2378;1;terminale;exercices;NULL;equation-differentielle-probabilites-bac-s-amerique-du-nord-2009;active
2402;1;terminale;exercices;NULL;qcm-probabilites-bac-s-liban-2009;active
2462;1;terminale;exercices;NULL;complexes-rotations-bac-s-amerique-nord-2011;active
2481;1;terminale;exercices;NULL;geometrie-dans-lespace-barycentre-bac-s-liban-2011;active
2486;1;terminale;exercices;NULL;qcm-fonctions-bac-s-metropole-2012;active
2488;1;terminale;exercices;NULL;probabilites-bac-s-liban-2014;active
2498;1;terminale;exercices;NULL;exponentielle-bac-s-pondichery-2013;active
2545;1;terminale;exercices;NULL;fonctions-algorithme-bac-s-polynesie-2013;active
2561;1;terminale;exercices;NULL;probabilites-bac-s-centres-etrangers-2013;active
2580;1;terminale;exercices;NULL;probabilites-bac-s-asie-2013;active
2605;1;terminale;exercices;NULL;probabilites-bac-s-pondichery-2014;active
2644;1;terminale;exercices;NULL;probabilites-bac-s-amerique-nord-2014;active
2660;1;terminale;exercices;NULL;qcm-probabilites-bac-s-centres-etrangers-2014;active
2691;1;terminale;exercices;NULL;geometrie-espace-bac-s-polynesie-2014;active
2705;1;terminale;exercices;NULL;fonctions-bac-s-metropole-2014;active
2765;1;tle-complementaire;exercices;NULL;qcm-general-bac-es-amerique-nord-2009;active
2873;1;terminale;exercices;NULL;probabilites-bac-s-metropole-2015;active
3434;1;tle-complementaire;exercices;NULL;probabilites-bac-esl-metropole-2015;active
3843;1;terminale;exercices;NULL;probabilites-bac-s-nouvelle-caledonie-2016;active
4018;1;terminale;exercices;NULL;probabilites-bac-s-pondichery-2016;active
7028;1;tle-complementaire;exercices;NULL;qcm-bac-es-l-pondichery-2018;active
7127;1;terminale;exercices;NULL;suites-et-fonctions-bac-s-pondichery-2018;active
7716;1;terminale;exercices;NULL;probabilites-bac-s-liban-2018;active
7771;1;tle-complementaire;exercices;NULL;probabilites-bac-es-l-liban-2018;active
7845;1;tle-complementaire;exercices;NULL;qcm-bac-es-l-amerique-du-nord-2018;active
7887;1;tle-complementaire;exercices;NULL;graphes-probabilistes-bac-es-l-amerique-du-nord-2018;active
7916;1;terminale;exercices;NULL;probabilites-bac-s-amerique-du-nord-2018;active
8595;1;terminale;exercices;NULL;fonctions-bac-s-centres-etrangers-2018;active
8643;1;tle-complementaire;exercices;NULL;qcm-bac-es-l-centres-etrangers-2018;active
9063;1;terminale;exercices;NULL;probabilites-bac-s-antilles-guyane-2018;active
9102;1;tle-complementaire;exercices;NULL;qcm-bac-es-l-antilles-guyane-2018;active
9167;1;terminale;exercices;3e-division-euclidienne;fonctions-bac-s-metropole-2018;active
9223;1;tle-complementaire;exercices;NULL;probabilites-bac-es-l-metropole-2018;active
9274;1;terminale;exercices;NULL;probabilites-bac-s-polynesie-2018;active
9320;1;tle-complementaire;exercices;NULL;qcm-bac-es-l-polynesie-2018;active
9371;1;tle-complementaire;exercices;NULL;qcm-bac-es-l-asie-2018;active
9440;1;terminale;exercices;NULL;fonctions-bac-s-asie-2018;active
10381;1;tle-complementaire;exercices;NULL;qcm-bac-blanc-es-l-sujet-1-maths-cours-2018;active
10437;1;tle-complementaire;exercices;NULL;qcm-bac-blanc-es-l-sujet-2-maths-cours-2018;active
10473;1;tle-complementaire;exercices;NULL;cout-marginal-bac-blanc-es-l-sujet-3-maths-cours-2018;active
10499;1;tle-complementaire;exercices;NULL;qcm-bac-blanc-es-l-sujet-4-maths-cours-2018;active
10549;1;tle-complementaire;exercices;NULL;loi-normale-estimation-bac-blanc-es-l-sujet-5-maths-cours-2018;active
10590;1;tle-complementaire;exercices;NULL;qcm-bac-blanc-es-l-sujet-6-maths-cours-2018;active
11189;1;premiere;exercices;NULL;qcm-controle-continu-1ere-2020-sujet-zero;active
1176;2;tle-complementaire;exercices;tes-spe-graphe-probabiliste;matrice-transition-bac-es-centres-etrangers-2009;active
1821;2;troisieme;exercices;NULL;calcul-reduction-brevet-metropole-2014;active
1859;2;tle-complementaire;exercices;NULL;probabilites-matrice-de-transition-bac-es-amerique-du-nord-2008;active
1913;2;tle-complementaire;exercices;NULL;lecture-graphique-logarithme-bac-es-metropole-2009;active
1936;2;tle-complementaire;exercices;NULL;ajustement-affine-bac-es-pondichery-2009;active
1951;2;tle-complementaire;exercices;NULL;statistiques-simulation-bac-es-amerique-nord-2009;active
1991;2;tle-complementaire;exercices;NULL;fonctions-bac-es-pondichery-2011;active
2068;2;tle-complementaire;exercices;NULL;probabilites-bac-es-amerique-nord-2013;active
2086;2;tle-complementaire;exercices;NULL;probabilites-bac-es-spe-polynesie-2013;active
2116;2;tle-complementaire;exercices;NULL;qcm-bac-es-metropole-2013;active
2135;2;tle-complementaire;exercices;NULL;suites-spe-bac-es-pondichery-2014;active
2158;2;tle-complementaire;exercices;NULL;probabilites-bac-es-amerique-nord-2014;active
2170;2;tle-complementaire;exercices;NULL;fonctions-bac-es-centres-etrangers-2014;active
2183;2;tle-complementaire;exercices;NULL;fonctions-bac-es-polynesie-2014;active
2249;2;terminale;exercices;NULL;nombres-complexes-rotations-bac-s-pondichery-2008;active
2252;2;terminale;exercices;NULL;nombres-complexes-similitudes-bac-s-pondichery-2008;active
2268;2;terminale;exercices;NULL;surface-arithmetique-bac-s-amerique-du-nord-2008;active
2285;2;terminale;exercices;NULL;equations-droites-plans-bac-s-polynesie-francaise-2008;active
2310;2;terminale;exercices;NULL;qcm-complexes-geometrie-espace-bac-s-liban-2008;active
2313;2;terminale;exercices;NULL;qcm-specialite-bac-s-liban-2008;active
2320;2;terminale;exercices;NULL;calcul-aires-bac-s-metropole-2009;active
2344;2;terminale;exercices;NULL;lieux-geometriques-bac-s-pondichery-2009;active
2350;2;terminale;exercices;NULL;nombres-complexes-et-suites-bac-s-pondichery-2009;active
2387;2;terminale;exercices;NULL;integrales-suites-bac-s-amerique-du-nord-2009;active
2410;2;terminale;exercices;NULL;etude-fonction-bac-s-liban-2009;active
2433;2;terminale;exercices;NULL;revisions-specialite-bac-s-centres-etrangers-2009;active
2444;2;terminale;exercices;NULL;qcm-bac-s-metropole-2011;active
2451;2;terminale;exercices;NULL;medianes-tetraedre-bac-s-pondichery-2011;active
2456;2;terminale;exercices;NULL;sections-surfaces-bac-s-pondichery-2011;active
2465;2;terminale;exercices;ts-variable-aleatoire-continue;duree-vie-bac-s-amerique-nord-2011;active
2483;2;terminale;exercices;NULL;qcm-probabilites-bac-s-liban-2011;active
2489;2;terminale;exercices;NULL;probabilites-bac-s-metropole-2012;active
2523;2;terminale;exercices;NULL;probabilites-bac-s-liban-2013;active
2547;2;terminale;exercices;NULL;qcm-bac-s-polynesie-2013;active
2573;2;terminale;exercices;NULL;probabilites-bac-s-antilles-guyane-2013;active
2582;2;terminale;exercices;NULL;fonctions-bac-s-asie-2013;active
2589;2;terminale;exercices;NULL;fonctions-bac-s-metropole-2013;active
2608;2;terminale;exercices;NULL;qcm-bac-s-pondichery-2014;active
2629;2;terminale;exercices;NULL;qcm-bac-s-liban-2014;active
2646;2;terminale;exercices;NULL;fonctions-bac-s-amerique-nord-2014;active
2663;2;terminale;exercices;NULL;complexes-suites-bac-s-centres-etrangers-2014;active
2693;2;terminale;exercices;NULL;arithmetique-spe-bac-s-polynesie-2014;active
2707;2;terminale;exercices;NULL;probabilites-bac-s-metropole-2014;active
2716;2;tle-complementaire;exercices;NULL;matrices-spe-bac-es-metropole-2014;active
7070;2;tle-complementaire;exercices;NULL;probabilites-bac-es-l-pondichery-2018;active
7781;2;tle-complementaire;exercices;NULL;suites-bac-es-l-liban-2018;active
7823;2;tle-complementaire;exercices;tes-spe-graphe-probabiliste;graphes-probabilistes-bac-es-liban-2018-spe;active
7864;2;tle-complementaire;exercices;NULL;probabilites-bac-es-l-amerique-du-nord-2018;active
7931;2;terminale;exercices;NULL;fonctions-bac-s-amerique-du-nord-2018;active
8604;2;terminale;exercices;NULL;qcm-bac-s-centres-etrangers-2018;active
8649;2;tle-complementaire;exercices;NULL;suites-bac-es-l-centres-etrangers-2018;active
8683;2;tle-complementaire;exercices;NULL;graphes-probabilistes-bac-es-l-centres-etrangers-2018-spe;active
9070;2;terminale;exercices;NULL;geometrie-dans-lespace-bac-s-antilles-guyane-2018;active
9104;2;tle-complementaire;exercices;NULL;probabilites-bac-es-l-antilles-guyane-2018;active
9171;2;terminale;exercices;NULL;probabilites-bac-s-metropole-2018;active
9225;2;tle-complementaire;exercices;NULL;qcm-bac-es-l-metropole-2018;active
9276;2;terminale;exercices;NULL;fonctions-et-volumes-bac-s-polynesie-2018;active
9322;2;tle-complementaire;exercices;NULL;probabilites-bac-es-l-polynesie-2018;active
9373;2;tle-complementaire;exercices;NULL;probabilites-bac-es-l-asie-2018;active
9442;2;terminale;exercices;NULL;probabilites-bac-s-asie-2018;active
9500;2;troisieme;exercices;NULL;statistiques-brevet-metropole-2018;active
9900;2;troisieme;exercices;NULL;programme-scratch-brevet-metropole-2017;active
10394;2;obsolete;exercices;1erees-derivees;fonctions-bac-blanc-es-l-sujet-1-maths-cours-2018;active
10442;2;obsolete;exercices;1erees-derivees;pourcentages-fonctions-bac-blanc-es-l-sujet-2-maths-cours-2018;active
10501;2;tle-complementaire;exercices;NULL;probabilites-bac-blanc-es-l-sujet-4-maths-cours-2018;active
10552;2;tle-complementaire;exercices;NULL;qcm-fonctions-bac-blanc-es-l-sujet-5-maths-cours-2018;active
10559;2;tle-complementaire;exercices;tes-spe-graphe-probabiliste;graphes-probabilistes-bac-blanc-es-l-sujet-5-maths-cours-2018-spe;active
10592;2;tle-complementaire;exercices;NULL;probabilites-et-suites-bac-blanc-es-l-sujet-6-maths-cours-2018;active
1762;3;troisieme;exercices;NULL;proportionnalite-brevet-pondichery-2013;active
1826;3;troisieme;exercices;NULL;programme-calcul-brevet-metropole-2014;active
1847;3;tle-complementaire;exercices;NULL;ajustement-affine-exponentiel-bac-es-metropole-2008;active
1867;3;tle-complementaire;exercices;NULL;droite-ajustement-astronomie-amerique-nord-2008;active
1883;3;tle-complementaire;exercices;NULL;fonction-economie-bac-es-liban-2008;active
1900;3;tle-complementaire;exercices;NULL;ajustement-exponentiel-bac-es-polynesie-francaise-2008;active
1955;3;terminale;exercices;NULL;ajustement-affine-probabilites-bac-es-amerique-nord-2009;active
1963;3;tle-complementaire;exercices;NULL;fonction-exponentielle-cout-marginal-bac-es-liban-2009;active
1978;3;tle-complementaire;exercices;NULL;ajustement-affine-exponentiel-bac-es-centres-etrangers-2009;active
1995;3;tle-complementaire;exercices;NULL;matrice-de-transition-bac-es-pondichery-2011;active
2011;3;tle-complementaire;exercices;NULL;qcm-fonctions-bac-es-metropole-2012;active
2061;3;tle-complementaire;exercices;NULL;fonctions-bac-es-liban-2013;active
2121;3;tle-complementaire;exercices;tes-exponentielle;fonctions-bac-es-metropole-2013;active
2142;3;tle-complementaire;exercices;NULL;probabilites-bac-es-pondichery-2014;active
2160;3;tle-complementaire;exercices;NULL;fonctions-bac-es-amerique-nord-2014;active
2202;3;tle-complementaire;exercices;NULL;probabilites-bac-esl-metropole-2014;active
2218;3;terminale;exercices;ts-variable-aleatoire-continue;loi-exponentielle-bac-s-metropole-2008;active
2256;3;terminale;exercices;NULL;orthogonalite-espace-bac-s-pondichery-2008;active
2287;3;terminale;exercices;NULL;qcm-general-bac-s-polynesie-francaise-2008;active
2295;3;terminale;exercices;NULL;qcm-specialite-bac-s-polynesie-francaise-2008;active
2316;3;terminale;exercices;NULL;etude-fonction-suite-bac-s-liban-2008;active
2323;3;terminale;exercices;NULL;probabilites-combinaisons-bac-s-metropole-2009;active
2353;3;terminale;exercices;NULL;qcm-geometrie-espace-bac-s-pondichery-2009;active
2389;3;terminale;exercices;NULL;cube-barycentres-bac-s-amerique-du-nord-2009;active
2469;3;terminale;exercices;NULL;barycentre-bac-s-amerique-nord-2011;active
2491;3;terminale;exercices;NULL;fonctions-algorithmes-bac-s-metropole-2012;active
2525;3;terminale;exercices;NULL;exponentielle-bac-s-liban-2013;active
2541;3;terminale;exercices;NULL;probabilites-bac-s-amerique-nord-2013;active
2551;3;terminale;exercices;NULL;probabilites-bac-s-polynesie-2013;active
2578;3;terminale;exercices;NULL;fonctions-bac-s-antilles-guyane-2013;active
2586;3;terminale;exercices;NULL;qcm-bac-s-asie-2013;active
2592;3;terminale;exercices;NULL;qcm-bac-s-metropole-2013;active
2615;3;terminale;exercices;NULL;matrices-bac-s-spe-pondichery-2014;active
2631;3;terminale;exercices;NULL;fonction-bac-s-liban-2014;active
2652;3;terminale;exercices;NULL;geometrie-espace-bac-s-amerique-nord-2014;active
2669;3;terminale;exercices;NULL;fonctions-bac-s-centres-etrangers-2014;active
2698;3;terminale;exercices;NULL;qcm-probabilites-bac-s-polynesie-2014;active
2758;3;tle-complementaire;exercices;NULL;lecture-graphique-etude-fonction-bac-es-pondichery-2009;active
3145;3;terminale;exercices;NULL;arithmetique-matrices-bac-s-metropole-2015-spe;active
3445;3;tle-complementaire;exercices;NULL;fonction-exponentielle-bac-esl-metropole-2015;active
7099;3;tle-complementaire;exercices;NULL;suites-bac-es-l-pondichery-2018;active
7116;3;tle-complementaire;exercices;NULL;graphes-bac-es-l-pondichery-2018-spe;active
7178;3;terminale;exercices;NULL;probabilites-bac-s-pondichery-2018;active
7729;3;terminale;exercices;NULL;geometrie-dans-lespace-bac-s-liban-2018;active
7793;3;tle-complementaire;exercices;NULL;qcm-bac-es-l-liban-2018;active
7879;3;tle-complementaire;exercices;NULL;suites-bac-es-l-amerique-du-nord-2018;active
7949;3;terminale;exercices;NULL;geometrie-dans-lespace-bac-s-amerique-du-nord-2018;active
8610;3;terminale;exercices;NULL;probabilites-bac-s-centres-etrangers-2018;active
8660;3;tle-complementaire;exercices;NULL;probabilites-bac-es-l-centres-etrangers-2018;active
9074;3;terminale;exercices;NULL;fonctions-bac-s-antilles-guyane-2018;active
9107;3;tle-complementaire;exercices;NULL;suites-bac-es-l-antilles-guyane-2018;active
9109;3;tle-complementaire;exercices;NULL;graphes-bac-es-antilles-guyane-2018-spe;active
9174;3;terminale;exercices;NULL;geometrie-dans-lespace-bac-s-metropole-2018;active
9227;3;tle-complementaire;exercices;NULL;suites-bac-es-l-metropole-2018;active
9231;3;tle-complementaire;exercices;NULL;graphes-bac-es-l-metropole-2018-spe;active
9278;3;terminale;exercices;NULL;fonctions-et-aires-bac-s-polynesie-2018;active
9324;3;tle-complementaire;exercices;NULL;suites-bac-es-l-polynesie-2018;active
9375;3;tle-complementaire;exercices;NULL;suites-bac-es-l-asie-2018;active
9377;3;tle-complementaire;exercices;NULL;matrices-de-transition-bac-es-asie-2018-spe;active
9444;3;terminale;exercices;NULL;geometrie-dans-lespace-bac-s-asie-2018;active
9906;3;troisieme;exercices;NULL;fonctions-brevet-metropole-2017;active
10405;3;obsolete;exercices;1erees-suites-arithmetiques-et-geometriques;suites-bac-blanc-es-l-sujet-1-maths-cours-2018;active
10475;3;tle-complementaire;exercices;tes-exponentielle;fonction-exponentielle-bac-blanc-es-l-sujet-3-maths-cours-2018;active
10508;3;tle-complementaire;exercices;tes-spe-graphe-probabiliste;matrices-bac-blanc-es-l-sujet-4-maths-cours-2018-spe;active
10554;3;tle-complementaire;exercices;NULL;fonctions-et-integrales-bac-blanc-es-l-sujet-5-maths-cours-2018;active
10594;3;tle-complementaire;exercices;NULL;loi-normales-intervalle-de-confiance-bac-blanc-es-l-sujet-6-maths-cours-2018;active
11205;3;premiere;exercices;NULL;probabilites-controle-continu-1ere-2020-sujet-zero;active
1085;4;tle-complementaire;exercices;tes-exponentielle;calcul-rentabilite-bac-es-amerique-nord-2008;active
1485;4;terminale;exercices;NULL;suites-integrales-bac-s-amerique-du-nord-2008;active
1886;4;tle-complementaire;exercices;NULL;ajustement-affine-logarithmique-bac-es-liban-2008;active
1904;4;tle-complementaire;exercices;NULL;logarithme-aire-bac-es-polynesie-francaise-2008;active
1925;4;tle-complementaire;exercices;NULL;fonction-application-economique-bac-es-metropole-2009;active
1944;4;tle-complementaire;exercices;NULL;etude-fonction-bac-es-amerique-nord-2009;active
1966;4;tle-complementaire;exercices;NULL;fonction-deux-variables-bac-es-liban-2009;active
1981;4;tle-complementaire;exercices;NULL;etude-fonction-calcul-aire-bac-es-centres-etrangers-2009;active
2014;4;tle-complementaire;exercices;NULL;etude-benefice-bac-es-metropole-2012;active
2044;4;tle-complementaire;exercices;NULL;fonctions-loi-normale-bac-es-pondichery-2013;active
2076;4;tle-complementaire;exercices;NULL;exponentielle-bac-es-amerique-nord-2013;active
2123;4;tle-complementaire;exercices;NULL;fonctions-bac-es-metropole-2013-2;active
2145;4;tle-complementaire;exercices;NULL;fonctions-bac-es-pondichery-2014;active
2178;4;tle-complementaire;exercices;NULL;qcm-bac-es-centres-etrangers-2014;active
2206;4;tle-complementaire;exercices;NULL;fonctions-bac-es-metropole-2014;active
2221;4;terminale;exercices;NULL;nombres-complexes-geometrie-bac-s-metropole-2008;active
2227;4;terminale;exercices;NULL;nombres-complexes-suites-bac-s-metropole-2008;active
2258;4;terminale;exercices;NULL;suites-equations-differentielles-bac-s-pondichery-2008;active
2318;4;terminale;exercices;NULL;integrales-interpretation-graphique-bac-s-liban-2008;active
2329;4;terminale;exercices;NULL;nombres-complexes-bac-s-metropole-2009;active
2334;4;terminale;exercices;NULL;congruences-bac-s-metropole-2009;active
2391;4;terminale;exercices;NULL;nombres-complexes-rotations-bac-s-amerique-du-nord-2009;active
2415;4;terminale;exercices;NULL;nombres-complexes-barycentres-bac-s-liban-2009;active
2437;4;terminale;exercices;NULL;suite-fonctions-bac-s-centres-etrangers-2009;active
2477;4;terminale;exercices;NULL;fonctions-suites-bac-s-amerique-nord-2011;active
2495;4;terminale;exercices;NULL;nombres-complexes-transformations-plan-bac-s-metropole-2012;active
2514;4;terminale;exercices;NULL;probabilites-bac-s-pondichery-2013;active
2543;4;terminale;exercices;NULL;logarithme-bac-s-amerique-nord-2013;active
2553;4;terminale;exercices;NULL;suites-bac-s-spe-polynesie-2013;active
2600;4;terminale;exercices;NULL;suites-matrices-bac-s-spe-metropole-2013;active
2626;4;terminale;exercices;NULL;fonctions-bac-s-pondichery-2014;active
2633;4;terminale;exercices;NULL;suites-complexes-bac-s-liban-2014;active
2636;4;terminale;exercices;NULL;suites-matrices-bac-s-liban-2014;active
2654;4;terminale;exercices;NULL;matrices-bac-s-amerique-nord-2014;active
2672;4;terminale;exercices;NULL;geometrie-espace-bac-s-centres-etrangers-2014;active
2681;4;terminale;exercices;NULL;matrices-spe-bac-s-centres-etrangers-2014;active
2701;4;terminale;exercices;NULL;fonctions-bac-s-polynesie-2014;active
2750;4;terminale;exercices;NULL;matrices-spe-bac-s-metropole-2014;active
2771;4;tle-complementaire;exercices;NULL;ajustement-exponentiel-bac-es-liban-2009;active
7105;4;tle-complementaire;exercices;NULL;fonctions-bac-es-l-pondichery-2018;active
7171;4;terminale;exercices;NULL;geometrie-dans-lespace-bac-s-pondichery-2018;active
7213;4;terminale;exercices;NULL;chiffrement-bac-s-pondichery-2018-spe;active
7740;4;terminale;exercices;NULL;suite-de-fonctions-bac-s-liban-2018;active
7817;4;tle-complementaire;exercices;NULL;fonctions-bac-es-l-liban-2018;active
7892;4;tle-complementaire;exercices;NULL;fonctions-bac-es-l-amerique-du-nord-2018;active
7974;4;terminale;exercices;NULL;suites-fonctions-bac-s-amerique-du-nord-2018;active
8011;4;terminale;exercices;NULL;suites-matrices-bac-s-amerique-du-nord-2018-spe;active
8625;4;terminale;exercices;NULL;geometrie-dans-lespace-bac-s-centres-etrangers-2018;active
8638;4;terminale;exercices;NULL;cryptage-rsa-bac-s-centres-etrangers-2018-spe;active
8664;4;tle-complementaire;exercices;NULL;fonctions-bac-es-l-centres-etrangers-2018;active
9080;4;terminale;exercices;NULL;suites-bac-s-antilles-guyane-2018;active
9091;4;terminale;exercices;NULL;matrices-de-transition-bac-s-antilles-guyane-2018-spe;active
9138;4;tle-complementaire;exercices;NULL;fonctions-bac-es-l-antilles-guyane-2018;active
9176;4;terminale;exercices;NULL;nombres-complexes-bac-s-metropole-2018;active
9178;4;terminale;exercices;NULL;matrices-et-arithmetique-bac-s-metropole-2018-spe;active
9229;4;tle-complementaire;exercices;NULL;fonctions-bac-es-l-metropole-2018;active
9280;4;terminale;exercices;NULL;suites-bac-s-polynesie-2018;active
9282;4;terminale;exercices;NULL;matrices-de-transition-bac-s-polynesie-2018-spe;active
9326;4;tle-complementaire;exercices;NULL;fonctions-bac-es-l-polynesie-2018;active
9328;4;tle-complementaire;exercices;NULL;graphes-bac-es-polynesie-2018-spe;active
9381;4;tle-complementaire;exercices;NULL;fonctions-bac-es-l-asie-2018;active
9446;4;terminale;exercices;NULL;nombres-complexes-bac-s-asie-2018;active
9448;4;terminale;exercices;NULL;arithmetique-bac-s-asie-2018-spe;active
9512;4;troisieme;exercices;NULL;geometrie-plane-brevet-metropole-2018;active
9910;4;troisieme;exercices;NULL;panneaux-solaires-brevet-metropole-2017;active
10556;4;tle-complementaire;exercices;NULL;suites-et-algorithmes-bac-blanc-es-l-sujet-5-maths-cours-2018;active
10597;4;tle-complementaire;exercices;NULL;fonctions-bac-blanc-es-l-sujet-6-maths-cours-2018;active
10600;4;tle-complementaire;exercices;NULL;graphes-probabilistes-bac-blanc-es-sujet-6-maths-cours-2018-spe;active
1798;5;troisieme;exercices;NULL;calcul-angles-brevet-metropole-2013;active
1806;5;troisieme;exercices;NULL;calcul-couts-brevet-metropole-2013;active
1833;5;troisieme;exercices;NULL;qcm-brevet-metropole-2014;active
4085;5;terminale;exercices;NULL;suites-integrales-bac-s-pondichery-2016;active
7752;5;terminale;exercices;NULL;suites-et-probabilites-bac-s-liban-2018;active
7761;5;terminale;exercices;NULL;suite-de-fibonacci-bac-s-liban-2018-spe;active
9518;5;troisieme;exercices;NULL;algorithme-de-calcul-brevet-metropole-2018;active
9917;5;troisieme;exercices;NULL;calculs-de-vitesse-brevet-metropole-2017;active
1781;6;troisieme;exercices;NULL;calcul-vitesse-brevet-pondichery-2013;active
9525;6;troisieme;exercices;NULL;programme-scratch-brevet-metropole-2018;active
1804;7;troisieme;exercices;NULL;qcm-brevet-metropole-2013;active
1841;7;troisieme;exercices;NULL;calculs-aires-cout-metropole-2014;active
9532;7;troisieme;exercices;NULL;hand-spinner-brevet-metropole-2018;active
9936;7;troisieme;exercices;NULL;volumes-brevet-metropole-2017;active
249;10;sixieme;exercices;3e-division-euclidienne;algorithme-coefficient-directeur;active
313;10;premiere;cours;1e-fonctions-valeur-absolue-et-racine-carree;fonction-valeur-absolue;active
733;10;sixieme;exercices;2nde-trigonometrie;relation-sinus-cosinus;active
1059;10;terminale;exercices;ts-lois-normales;loi-normale-polynesie-2013;active
6212;10;terminale;exercices;NULL;bac-s-pondichery-2017;active
20141;10;seconde;exercices;3e-division-euclidienne;testiii;active
20040;11;NULL;pageadmin;NULL;mise-a-jour-article-2;waiting
20111;11;NULL;page;NULL;page-410;active
1552;4150001;troisieme;cours;3e-division-euclidienne;division-euclidienne-pgcd;active
1658;4151001;troisieme;exercices;3e-division-euclidienne;criteres-de-divisibilite-141103;active
1661;4151001;troisieme;exercices;3e-division-euclidienne;vocabulaire-divisibilite-141103;active
1664;4152001;troisieme;exercices;3e-division-euclidienne;algorithme-deuclide-simplifications;active
1667;4152001;troisieme;exercices;3e-division-euclidienne;pgcd-brevet-2006-141104;active
1669;4152001;troisieme;exercices;3e-division-euclidienne;pgcd-brevet-2005-141112;active
20140;4152011;troisieme;exercices;3e-division-euclidienne;testyyy;active
19981;4157010;NULL;methode;NULL;decomposer-un-entier-en-produit-de-facteurs-premiers;active
19957;4158001;NULL;supplement;NULL;deux-methodes-de-calcul-du-pgcd;active
1628;4159001;tle-expert-xp;solver;3e-division-euclidienne;algorithme-euclide;active
1559;4200001;troisieme;cours;3e-calcul-fractions-puissances;regles-de-calculs-fractions-puissances;active
1674;4201001;troisieme;exercices;3e-calcul-fractions-puissances;somme-ou-produit-141028;active
1676;4202001;troisieme;exercices;3e-calcul-fractions-puissances;fractions-racines-carrees-brevet-2010-141101;active
1683;4202001;troisieme;exercices;3e-calcul-fractions-puissances;puissances-de-10-brevet-2012-141030;active
1686;4202001;troisieme;exercices;3e-calcul-fractions-puissances;simplifications-brevet-2001-141030;active
1632;4204001;troisieme;qcm;3e-calcul-fractions-puissances;regles-de-calculs;active
19188;4250001;NULL;cours;NULL;equations-inequations;waiting
20099;4257011;NULL;methode;NULL;resoudre-une-equation-du-premier-degre;waiting
1561;4300001;troisieme;cours;3e-calcul-litteral;calcul-litteral;active
1690;4302001;troisieme;exercices;3e-calcul-litteral;developper-reduire-141028;active
1693;4302001;troisieme;exercices;3e-calcul-litteral;factorisations-141028;active
1698;4302001;troisieme;exercices;3e-calcul-litteral;identites-remarquables-brevet-2002-141030;active
1705;4302001;troisieme;exercices;3e-calcul-litteral;identites-remarquables-calcul-mental-141028;active
1637;4304001;troisieme;qcm;3e-calcul-litteral;factorisation-developpement;active
1566;4350001;troisieme;cours;3e-notion-de-fonction;fonction;active
624;4351001;troisieme;exercices;3e-notion-de-fonction;lecture-images-141002;active
1707;4351001;troisieme;exercices;3e-notion-de-fonction;calcul-images-141013;active
626;4352001;troisieme;exercices;3e-notion-de-fonction;lecture-antecedent-141002;active
1719;4352001;troisieme;exercices;3e-notion-de-fonction;programme-de-calcul-fonctions;active
1766;4352001;troisieme;exercices;3e-notion-de-fonction;fonctions-tableur-brevet-pondichery-2013;active
1786;4352001;troisieme;exercices;3e-notion-de-fonction;aire-fonction-brevet-metropole-2013;active
1790;4352001;troisieme;exercices;3e-notion-de-fonction;fonction-lecture-graphique-brevet-metropole-2013;active
4529;4352001;troisieme;exercices;3e-notion-de-fonction;vitesse-de-fusee-ariane-5;active
19377;4352031;NULL;exercices;NULL;fonctions-tableur-brevet-pondichery-2013-2;active
19378;4352041;NULL;exercices;NULL;aire-fonction-brevet-metropole-2013-2;active
19379;4352051;NULL;exercices;NULL;fonction-lecture-graphique-brevet-metropole-2013-2;active
1568;4400001;troisieme;cours;3e-fonctions-affines;fonctions-lineaires-et-fonctions-affines;active
19190;4400001;NULL;cours;NULL;fonction-lineaire-proportionnalite;waiting
1722;4402001;troisieme;exercices;3e-fonctions-affines;representer-fonctions-affines-141027;active
1726;4402001;troisieme;exercices;3e-fonctions-affines;fonctions-affines-ou-non-141028-2;active
1728;4402001;troisieme;exercices;3e-fonctions-affines;fonction-brevet-pondichery-2010-141015;active
4387;4402001;troisieme;exercices;3e-fonctions-affines;comparaison-de-tarifs;active
1818;4407001;troisieme;methode;3e-fonctions-affines;calcul-de-pourcentages;active
3546;4407001;troisieme;methode;3e-fonctions-affines;tracer-fonctions-affines-lineaires;active
19192;4500001;NULL;cours;NULL;transformations-du-plan;waiting
19195;4550001;NULL;cours;NULL;triangles-semblables;waiting
1571;4600001;troisieme;cours;3e-theoreme-de-pythagore-trigonometrie;theoreme-pythagore;active
1733;4601001;troisieme;exercices;3e-theoreme-de-pythagore-trigonometrie;theoreme-pythagore-141010;active
1735;4602001;troisieme;exercices;3e-theoreme-de-pythagore-trigonometrie;distance-mont-saint-michel-141010;active
1738;4602001;troisieme;exercices;3e-theoreme-de-pythagore-trigonometrie;triangle-et-distances-141010;active
1740;4602001;troisieme;exercices;3e-theoreme-de-pythagore-trigonometrie;trigonometrie-brevet-metropole-2014;active
5299;4602001;troisieme;exercices;3e-theoreme-de-pythagore-trigonometrie;calcul-de-tan15;active
19380;4602021;NULL;exercices;NULL;trigonometrie-brevet-metropole-2014-2;active
1579;4650001;troisieme;cours;3e-theoreme-de-thales;theoreme-thales;active
1747;4651001;troisieme;exercices;3e-theoreme-de-thales;reciproque-thales-brevet-141010;active
1743;4652001;troisieme;exercices;3e-theoreme-de-thales;mesure-arbre-141012;active
10958;4652001;troisieme;exercices;3e-theoreme-de-thales;theoreme-de-thales-et-cercles;active
1745;4653001;troisieme;exercices;3e-theoreme-de-thales;thales-calcul-longueurs-141012;active
11476;4653001;troisieme;exercices;3e-theoreme-de-thales;theoreme-de-thales-et-parallelogramme;active
11564;4653001;troisieme;exercices;3e-theoreme-de-thales;theoreme-de-thales-et-projections-orthogonales;active
11572;4653001;troisieme;exercices;3e-theoreme-de-thales;losange-dans-un-triangle;active
11534;4657001;troisieme;methode;3e-theoreme-de-thales;calculer-des-longueurs-avec-le-theoreme-de-thales;active
11546;4657001;troisieme;methode;3e-theoreme-de-thales;determiner-si-deux-droites-sont-paralleles-thales;active
1769;4700001;troisieme;cours;3e-solides-volumes;solides-volumes;active
1774;4702001;troisieme;exercices;3e-solides-volumes;pyramide-brevet-pondichery-2013;active
1800;4702001;troisieme;exercices;3e-solides-volumes;volume-cone-brevet-metropole-2013;active
9484;4702001;troisieme;exercices;3e-solides-volumes;volumes-brevet-metropole-2018;active
19381;4702011;NULL;exercices;NULL;pyramide-brevet-pondichery-2013-2;active
19382;4702021;NULL;exercices;NULL;volume-cone-brevet-metropole-2013-2;active
19383;4702031;NULL;exercices;NULL;volumes-brevet-metropole-2018-2;active
1756;4800001;troisieme;cours;3e-statistiques;statistiques;active
1754;4802001;troisieme;exercices;3e-statistiques;statistiques-brevet-pondichery-2013;active
9926;4802001;troisieme;exercices;3e-statistiques;statistiques-brevet-metropole-2017;active
10674;4802001;troisieme;exercices;3e-statistiques;statistiques-nombre-de-buts-marques;active
19384;4802021;NULL;exercices;NULL;statistiques-brevet-pondichery-2013-2;active
19385;4802031;NULL;exercices;NULL;statistiques-brevet-metropole-2017-2;active
10660;4803001;troisieme;exercices;3e-statistiques;tableau-des-frequences-et-diagramme-circulaire;active
1760;4850001;troisieme;cours;3e-probabilites;probabilites-2;active
9954;4851001;troisieme;exercices;3e-probabilites;tableau-a-double-entree-et-probabilites;active
1830;4852001;troisieme;exercices;3e-probabilites;probabilites-brevet-metropole-2014;active
9508;4852001;troisieme;exercices;3e-probabilites;probabilites-brevet-metropole-2018;active
9897;4852001;troisieme;exercices;3e-probabilites;probabilites-brevet-metropole-2017;active
19386;4852011;NULL;exercices;NULL;probabilites-brevet-metropole-2014-2;active
19387;4852021;NULL;exercices;NULL;probabilites-brevet-metropole-2018-2;active
19388;4852031;NULL;exercices;NULL;probabilites-brevet-metropole-2017-2;active
9942;4853001;troisieme;exercices;3e-probabilites;arbre-pondere-et-probabilites;active
19197;4900001;NULL;cours;NULL;scratch-et-algorithmes;waiting
10887;5150001;seconde;cours;2e-nombres-et-calculs;les-ensembles-de-nombres;active
11111;5152001;seconde;exercices;2e-nombres-et-calculs;differents-types-de-nombres;active
11116;5152001;seconde;exercices;2e-nombres-et-calculs;ensembles-de-nombres-appartenance-et-inclusion;active
20139;5152011;seconde;exercices;2e-nombres-et-calculs;ensemble-n-r-z;waiting
950;5157001;seconde;methode;2e-nombres-et-calculs;inequation-avec-valeurs-absolues;active
5527;5158011;NULL;supplement;NULL;ecriture-fractionnaire;active
90;5200001;seconde;cours;2e-equations-et-inequations;equations-et-inequations;active
581;5201001;seconde;exercices;2e-equations-et-inequations;equations-du-premier-degre;active
10768;5201001;seconde;exercices;2e-equations-et-inequations;inequation-produit-tableau-de-signes;active
587;5202001;seconde;exercices;2e-equations-et-inequations;equations-factorisations;active
589;5202001;seconde;exercices;2e-equations-et-inequations;resolution-graphique-dinequations;active
599;5202001;seconde;exercices;2e-equations-et-inequations;signe-quotient-140918;active
607;5203001;seconde;exercices;2e-equations-et-inequations;tableau-signe;active
3770;5203001;seconde;exercices;2e-equations-et-inequations;inequation-et-factorisation;active
10737;5203001;seconde;exercices;2e-equations-et-inequations;calcul-litteral-somme-de-fractions;active
10740;5203001;seconde;exercices;2e-equations-et-inequations;calcul-litteral-simplification-de-fractions;active
1638;5205001;seconde;qcm;2e-equations-et-inequations;equations-seconde;active
609;5207001;seconde;methode;2e-equations-et-inequations;inequation-avec-quotients;active
5654;5207001;seconde;methode;2e-equations-et-inequations;dresser-tableau-de-signes;active
10465;5207001;seconde;methode;2e-equations-et-inequations;resoudre-un-systeme-de-2-equations-a-2-inconnues-par-substitution;active
86;5250001;seconde;cours;2e-fonctions-generalites;fonctions-generalites;active
615;5251001;seconde;exercices;2e-fonctions-generalites;courbe-tableau-variations;active
617;5251001;seconde;exercices;2e-fonctions-generalites;ensemble-definition-1;active
621;5252001;seconde;exercices;2e-fonctions-generalites;ensemble-definition-2;active
628;5252001;seconde;exercices;2e-fonctions-generalites;programme-calcul-141013;active
5082;5252001;seconde;exercices;2e-fonctions-generalites;tableau-de-variations-et-extremums;active
4772;5253001;seconde;exercices;2e-fonctions-generalites;graphiques-signes-variations;active
1639;5255001;seconde;qcm;2e-fonctions-generalites;qcm-images-et-antecedents;active
634;5257001;seconde;methode;2e-fonctions-generalites;determiner-antecedents;active
635;5257001;seconde;methode;2e-fonctions-generalites;determiner-image;active
638;5257001;seconde;methode;2e-fonctions-generalites;ensemble-definition;active
3538;5258001;seconde;supplement;2e-fonctions-generalites;fonctions-paires-impaires;active
123;5300001;seconde;cours;2e-fonctions-lineaires-et-affines;fonctions-lineaires-affines;active
651;5301001;seconde;exercices;2e-fonctions-lineaires-et-affines;fonctions-affines-ou-non-141028;active
639;5302001;seconde;exercices;2e-fonctions-lineaires-et-affines;determiner-fonction-affine-141006;active
644;5302001;seconde;exercices;2e-fonctions-lineaires-et-affines;fonction-affine-alignement-141006;active
649;5302001;seconde;exercices;2e-fonctions-lineaires-et-affines;fonction-affine-variations-signes-141006;active
654;5302001;seconde;exercices;2e-fonctions-lineaires-et-affines;fonctions-affines-et-droites-141006;active
658;5302001;seconde;exercices;2e-fonctions-lineaires-et-affines;fonction-valeur-absolue-ex;active
132;5350001;seconde;cours;2e-fonctions-carre-et-cube;fonction-carre;active
667;5352001;seconde;exercices;2e-fonctions-carre-et-cube;forme-canonique-factorisation;active
669;5352001;seconde;exercices;2e-fonctions-carre-et-cube;formes-canonique-factorisee-141007;active
673;5352001;seconde;exercices;2e-fonctions-carre-et-cube;fonction-carree-encadrements;active
676;5353001;seconde;exercices;2e-fonctions-carre-et-cube;aire-maximale-141007;active
678;5353001;seconde;exercices;2e-fonctions-carre-et-cube;crible-de-matiiassevitch;active
140;5370001;seconde;cours;2e-fonctions-inverse-et-racine-carree;la-fonction-inverse-et-les-fonctions-homographiques;active
699;5371001;seconde;exercices;2e-fonctions-inverse-et-racine-carree;fonction-homographique-ou-non-141009;active
682;5372001;seconde;exercices;2e-fonctions-inverse-et-racine-carree;fonction-inverse-encadrements;active
685;5372001;seconde;exercices;2e-fonctions-inverse-et-racine-carree;fonction-homographique-inequation;active
701;5373001;seconde;exercices;2e-fonctions-inverse-et-racine-carree;fonction-homographique-variations;active
5096;5373001;seconde;exercices;2e-fonctions-inverse-et-racine-carree;fonction-homographique-vitesses-moyennes;active
194;5400001;seconde;cours;2e-vecteurs-generalites;vecteurs;active
3054;5401001;seconde;exercices;2e-vecteurs-generalites;introduction-aux-vecteurs;active
718;5402001;seconde;exercices;2e-vecteurs-generalites;construction-difference;active
20038;5402021;NULL;exercices;NULL;vecteurs-et-cercles-secants;active
10320;5407001;seconde;methode;2e-vecteurs-generalites;relation-de-chasles-et-calculs-vectoriels;active
200;5450001;seconde;cours;2e-vecteurs-et-coordonnees;vecteurs-coordonnees;active
722;5451001;seconde;exercices;2e-vecteurs-et-coordonnees;alignement-131213;active
731;5452001;seconde;exercices;2e-vecteurs-et-coordonnees;parallelogramme-coordonnes-131213;active
10357;5452001;seconde;exercices;2e-vecteurs-et-coordonnees;trapeze-et-vecteurs;active
3809;5453001;seconde;exercices;2e-vecteurs-et-coordonnees;medianes-coordonnees;active
166;5500001;seconde;cours;2e-equations-de-droites;droites;active
716;5502001;seconde;exercices;2e-equations-de-droites;repere-droites-paralleles;active
5020;5503001;seconde;exercices;2e-equations-de-droites;droites-perpendiculaires;active
365;5550001;seconde;cours;2e-pourcentages;pourcentages;active
822;5551001;obsolete;exercices;2e-pourcentages;coefficient-multiplicateur-140822;active
826;5552001;obsolete;exercices;2e-pourcentages;evolution-cac40-140822;active
828;5552001;obsolete;exercices;2e-pourcentages;population-augmentations-successives-140823;active
830;5552001;obsolete;exercices;2e-pourcentages;pourcentage-population-regions-140823;active
832;5552001;obsolete;exercices;2e-pourcentages;taux-augmentation;active
11636;5553001;seconde;exercices;2e-pourcentages;calcul-dinterets-en-python;active
144;5600001;seconde;cours;2e-statistiques;statistiques-organisation-representation-donnees;active
703;5602001;seconde;exercices;2e-statistiques;statistiques-salaires;active
5111;5602001;seconde;exercices;2e-statistiques;salaires-regroupement-en-classes;active
5585;5603001;seconde;exercices;2e-statistiques;courbe-frequences-cumulees-croissantes;active
6949;5603001;seconde;exercices;2e-statistiques;statistiques-regroupement-en-classes;active
151;5630001;seconde;cours;2e-echantillonage;statistiques-echantillonnage;active
705;5632001;seconde;exercices;2e-echantillonage;echantillonage-sondage-elections;active
707;5632001;seconde;exercices;2e-echantillonage;echantillonnage-algorithme;active
155;5650001;seconde;cours;2e-probabilites;probabilites;active
714;5652001;seconde;exercices;2e-probabilites;probabilites-union-intersection-complementaire;active
4599;5652001;seconde;exercices;2e-probabilites;tableau-a-double-entree;active
230;5700001;seconde;cours;2e-algorithmes-presentation;algorithmes;active
251;5701001;seconde;exercices;2e-algorithmes-presentation;algorithme-coefficient-directeur;active
254;5701001;seconde;exercices;2e-algorithmes-presentation;algorithme-pythagore;active
5768;5701001;seconde;exercices;2e-algorithmes-presentation;algorithme-et-fonction;active
256;5702001;seconde;exercices;2e-algorithmes-presentation;algorithme-fonction-140914;active
5771;5703001;seconde;exercices;2e-algorithmes-presentation;algorithme-echange-de-variables;active
237;5750001;seconde;cours;2e-algorithmes-tests-et-boucles;algorithmes-tests-boucles;active
574;5751001;seconde;exercices;2e-algorithmes-tests-et-boucles;algorithme-bac;active
576;5752001;seconde;exercices;2e-algorithmes-tests-et-boucles;algorithme-liste-de-nombres-140921;active
579;5752001;seconde;exercices;2e-algorithmes-tests-et-boucles;algorithme-jeu-plus-moins;active
5091;5752001;seconde;exercices;2e-algorithmes-tests-et-boucles;algorithme-somme-dentiers;active
10980;5800001;seconde;cours;2e-python-les-variables;python-au-lycee-1;active
11078;5801001;seconde;exercices;2e-python-les-variables;python-calcul-du-volume-dune-sphere;active
11090;5802001;seconde;exercices;2e-python-les-variables;python-types-et-operateurs;active
11105;5802001;seconde;exercices;2e-python-les-variables;python-attention-aux-types-de-donnees;active
11294;5850001;seconde;cours;2e-python-instructions-conditionnelles;python-au-lycee-2;active
11332;5851001;seconde;exercices;2e-python-instructions-conditionnelles;python-determiner-la-parite-dun-entier-naturel;active
11336;5852001;seconde;exercices;2e-python-instructions-conditionnelles;python-tarifs-et-pourcentage;active
11341;5852001;seconde;exercices;2e-python-instructions-conditionnelles;python-fonction-definie-par-morceaux;active
11354;5900001;seconde;cours;2e-python-les-boucles;python-au-lycee-3-les-boucles;active
11639;5902001;seconde;exercices;2e-python-les-boucles;nombres-triangulaires-et-python;active
11610;5950001;seconde;cours;2e-python-les-fonctions;python-au-lycee-4-les-fonctions;active
274;6150001;premiere;cours;1e-second-degre;trinomes-du-second-degre;active
737;6151001;premiere;exercices;1e-second-degre;courbes-trinomes-second-degre;active
742;6151001;premiere;exercices;1e-second-degre;equations-second-degre;active
745;6151001;premiere;exercices;1e-second-degre;question-cours-second-degre;active
747;6152001;premiere;exercices;1e-second-degre;equation-troisieme-degre;active
750;6152001;premiere;exercices;1e-second-degre;inequation-second-degre-graphique;active
756;6152001;premiere;exercices;1e-second-degre;inequations-fractions-second-degre;active
940;6152001;premiere;exercices;1e-second-degre;equation-second-degre-parametre;active
781;6153001;premiere;exercices;1e-second-degre;second-degre-olympiades-academiques-140915;active
1640;6155001;premiere;qcm;1e-second-degre;polynomes-second-degre;active
6164;6158001;premiere;supplement;1e-second-degre;fonctions-polynomes-fonctions-rationnelles;active
1611;6159001;premiere;solver;1e-second-degre;outil-equation-du-2nd-degre;active
323;6200001;premiere;cours;1e-les-suites-generalites;suites;active
834;6201001;premiere;exercices;1e-les-suites-generalites;qsc-suites-1esl-140906;active
854;6201001;premiere;exercices;1e-les-suites-generalites;bac-calcul-premiers-termes;active
850;6202001;premiere;exercices;1e-les-suites-generalites;placements-financiers-calculatrice;active
862;6202001;premiere;exercices;1e-les-suites-generalites;bac-suite-algorithme-1;active
1652;6205001;premiere;qcm;1e-les-suites-generalites;introduction-suites-1;active
1653;6206001;premiere;qcm;1e-les-suites-generalites;introduction-suites-2;active
871;6207001;premiere;methode;1e-les-suites-generalites;algorithme-premiers-termes;active
6242;6207001;premiere;methode;1e-les-suites-generalites;montrer-quune-suite-croissante-decroissante;active
331;6250001;premiere;cours;1e-suites-arithmetiques-et-geometriques;suites-geometriques;active
836;6251001;premiere;exercices;1e-suites-arithmetiques-et-geometriques;determiner-suite-arithmetique-geometrique;active
885;6251001;premiere;exercices;1e-suites-arithmetiques-et-geometriques;calcul-termes-suite-arithmetique;active
841;6252001;premiere;exercices;1e-suites-arithmetiques-et-geometriques;bac-interets-composes;active
878;6252001;premiere;exercices;1e-suites-arithmetiques-et-geometriques;interets-composes;active
880;6252001;premiere;exercices;1e-suites-arithmetiques-et-geometriques;interets-simples;active
883;6252001;premiere;exercices;1e-suites-arithmetiques-et-geometriques;utilisation-d-une-suite-annexe;active
11213;6252001;premiere;exercices;1e-suites-arithmetiques-et-geometriques;suites-controle-continu-1ere-2020-sujet-zero;active
19389;6252051;NULL;exercices;NULL;suites-controle-continu-1ere-2020-sujet-zero-2;active
4294;6253001;premiere;exercices;1e-suites-arithmetiques-et-geometriques;suites-arithmetiques-geometriques-2;active
1644;6255001;premiere;qcm;1e-suites-arithmetiques-et-geometriques;qcm-revision-cours-suites-geometriques;active
318;6300001;premiere;cours;1e-les-derivees;fonction-derivee;active
9111;6301011;NULL;exercices;NULL;fonctions-bac-stmg-antilles-guyane-2018;active
812;6302001;premiere;exercices;1e-les-derivees;nombre-derive-tangente;active
3483;6302001;premiere;exercices;1e-les-derivees;fonctions-contour-dune-piscine;active
11399;6302001;premiere;exercices;1e-les-derivees;famille-de-fonctions-tableaux-de-variations;active
3575;6303001;premiere;exercices;1e-les-derivees;tangentes-communes;active
3827;6303001;premiere;exercices;1e-les-derivees;famille-fonctions;active
4224;6303001;premiere;exercices;1e-les-derivees;intersections-de-tangentes;active
11404;6303001;premiere;exercices;1e-les-derivees;etude-dune-fonction-a-laide-dune-fonction-annexe;active
11408;6303001;premiere;exercices;1e-les-derivees;points-dintersection-avec-une-tangente;active
1643;6305001;premiere;qcm;1e-les-derivees;qcm-revision-cours-fonctions-derivees;active
315;6320001;premiere;cours;1eres-variations-fonction;variations-une-fonction;active
952;6321001;premiere;exercices;1eres-variations-fonction;encadrements-1;active
956;6322001;premiere;exercices;1eres-variations-fonction;encadrements-2;active
958;6322001;premiere;exercices;1eres-variations-fonction;fonctions-associees-tableau-variations;active
960;6322001;premiere;exercices;1eres-variations-fonction;fonctions-associees-etude-variations-131213;active
942;6341001;premiere;exercices;1eres-fonction-valeur-absolue;simplification-valeurs-absolues;active
1648;6345001;premiere;qcm;1eres-fonction-valeur-absolue;equations-valeurs-absolues;active
1649;6345001;premiere;qcm;1eres-fonction-valeur-absolue;qcm-inequations-avec-valeurs-absolues;active
949;6347001;premiere;methode;1eres-fonction-valeur-absolue;valeurs-absolues-graphiquement;active
10903;6450001;premiere;cours;1e-fonction-exponentielle;fonction-exponentielle-1ere;active
1338;6451001;premiere;exercices;1e-fonction-exponentielle;simplification-exponentielle;active
1325;6452001;premiere;exercices;1e-fonction-exponentielle;roc-proprietes-fondamentales-exponentielle;active
1327;6452001;premiere;exercices;1e-fonction-exponentielle;roc-proprietes-algebriques-exponentielle;active
1336;6452001;premiere;exercices;1e-fonction-exponentielle;exponentielle-graphique;active
11198;6452001;premiere;exercices;1e-fonction-exponentielle;fonction-exponentielle-controle-continu-1ere-2020-sujet-zero;active
15434;6452001;premiere;exercices;1e-fonction-exponentielle;modelisation-par-une-fonction-exponentielle;active
19390;6452051;NULL;exercices;NULL;fonction-exponentielle-controle-continu-1ere-2020-sujet-zero-2;active
341;6500001;premiere;cours;1e-trigonometrie;sinus-cosinus;active
980;6501001;premiere;exercices;1e-trigonometrie;cercle-trigonometrique-1;active
984;6501001;premiere;exercices;1e-trigonometrie;equation-trigonometrique-1;active
986;6502001;premiere;exercices;1e-trigonometrie;equation-trigonometrique-2;active
995;6502001;premiere;exercices;1e-trigonometrie;equation-trigonometrique-3;active
999;6502001;premiere;exercices;1e-trigonometrie;mesure-principale;active
1367;6502001;premiere;exercices;1e-trigonometrie;equation-trigonometrique;active
3580;6502001;premiere;exercices;1e-trigonometrie;angles-orientes-alignement;active
997;6503001;premiere;exercices;1e-trigonometrie;equation-trigonometrique-4;active
1001;6503001;premiere;exercices;1e-trigonometrie;angles-orientes-pentagone;active
352;6550001;premiere;cours;1e-produit-scalaire;produit-scalaire;active
1004;6551001;premiere;exercices;1e-produit-scalaire;produit-scalaire-calcul-angles;active
11160;6551001;premiere;exercices;1e-produit-scalaire;produit-scalaire-et-quadrillage-calcul-dangle;active
1007;6552001;premiere;exercices;1e-produit-scalaire;produit-scalaire-calcul-longueurs;active
1010;6552001;premiere;exercices;1e-produit-scalaire;formule-al-kashi;active
1014;6552001;premiere;exercices;1e-produit-scalaire;formule-soustraction-cosinus;active
1017;6552001;premiere;exercices;1e-produit-scalaire;vecteur-directeur-normal-droite;active
1021;6552001;premiere;exercices;1e-produit-scalaire;theoreme-mediane;active
1012;6553001;premiere;exercices;1e-produit-scalaire;puissance-point-cercle;active
11181;6557001;premiere;methode;1e-produit-scalaire;5-methodes-pour-calculer-un-produit-scalaire;active
11187;6557001;premiere;methode;1e-produit-scalaire;determiner-le-centre-et-le-rayon-dun-cercle-a-partir-de-son-equation;active
338;6600001;premiere;cours;1eres-vecteurs-et-droites;vecteurs-droites;active
967;6601001;premiere;exercices;1eres-vecteurs-et-droites;droites-equations-vecteur-directeur-140818;active
969;6602001;premiere;exercices;1eres-vecteurs-et-droites;equation-cartesienne-vecteur-directeur;active
971;6602001;premiere;exercices;1eres-vecteurs-et-droites;medianes-centre-gravite;active
977;6602001;premiere;exercices;1eres-vecteurs-et-droites;vecteurs-et-alignement;active
2918;6608001;premiere;supplement;1eres-vecteurs-et-droites;barycentres;active
485;6650001;premiere;cours;1e-probabilites-conditionnelles;evenements-probabilites;active
1225;6651001;terminale;exercices;1e-probabilites-conditionnelles;roc-evenements-independants;active
1231;6652001;terminale;exercices;1e-probabilites-conditionnelles;probabilites-suites;active
1235;6652001;terminale;exercices;1e-probabilites-conditionnelles;contamination-bac-s-metropole-2011;active
1237;6652001;terminale;exercices;1e-probabilites-conditionnelles;probabilites-bac-s-metropole-2013;active
2356;6652001;terminale;exercices;1e-probabilites-conditionnelles;lancers-successifs-bac-s-pondichery-2009;active
2425;6652001;terminale;exercices;1e-probabilites-conditionnelles;probabilites-evenements-independants-bac-s-centres-etrangers-2009;active
19391;6652011;NULL;exercices;NULL;contamination-bac-s-metropole-2011-2;active
19392;6652021;NULL;exercices;NULL;probabilites-bac-s-metropole-2013-2;active
19393;6652031;NULL;exercices;NULL;lancers-successifs-bac-s-pondichery-2009-2;active
19394;6652041;NULL;exercices;NULL;probabilites-evenements-independants-bac-s-centres-etrangers-2009-2;active
3702;6653001;terminale;exercices;1e-probabilites-conditionnelles;probabilites-evenements-independants;active
4253;6653001;terminale;exercices;1e-probabilites-conditionnelles;suites-et-probabilites;active
10824;6658001;terminale;supplement;1e-probabilites-conditionnelles;fiche-de-revision-bac-probabilites-discretes;active
284;6670001;premiere;cours;1eres-statistiques;les-statistiques;active
888;6672001;obsolete;exercices;1eres-statistiques;diagramme-en-boite;active
895;6672001;obsolete;exercices;1eres-statistiques;modification-serie-statistique;active
897;6672001;obsolete;exercices;1eres-statistiques;moyenne-mediane;active
298;6700001;premiere;cours;1e-variables-aleatoires;loi-probabilite;active
903;6702001;premiere;exercices;1e-variables-aleatoires;arbre-loi-probabilite;active
906;6702001;premiere;exercices;1e-variables-aleatoires;bac-variables-aleatoires-esperance-mathematique-1;active
910;6702001;premiere;exercices;1e-variables-aleatoires;lancers-successifs;active
913;6702001;premiere;exercices;1e-variables-aleatoires;bac-probabilites-variables-aleatoires;active
937;6702001;premiere;exercices;1e-variables-aleatoires;esperance-mathematique-ecart-type;active
3319;6703001;premiere;exercices;1e-variables-aleatoires;esperance-mathematique-maximum;active
11667;6800001;premiere;cours;1e-python-les-listes;python-au-lycee-5-les-listes;active
11681;6802001;premiere;exercices;1e-python-les-listes;calcul-du-pgcd-avec-python;active
11674;6803001;premiere;exercices;1e-python-les-listes;liste-definie-en-comprehension;active
543;7150001;terminale;cours;te-suites;variations-convergence-suite;active
4557;7151011;NULL;exercices;NULL;demonstration-par-recurrence;active
858;7152001;terminale;exercices;te-suites;croissance-suite-1;active
1435;7152001;terminale;exercices;te-suites;suite-recurrence;active
1439;7152001;terminale;exercices;te-suites;suites-bac-s-asie-2013;active
1446;7152001;terminale;exercices;te-suites;suites-recurrence-bac-s-metropole-2009;active
1449;7152001;terminale;exercices;te-suites;variations-convergence;active
1469;7152001;terminale;exercices;te-suites;suites-algorithmes-bac-s-centres-etrangers-2013;active
1473;7152001;terminale;exercices;te-suites;suites-bac-s-amerique-nord-2014;active
1477;7152001;terminale;exercices;te-suites;suites-bac-s-polynesie-2013;active
1480;7152001;terminale;exercices;te-suites;suites-bac-s-polynesie-2014;active
2528;7152001;terminale;exercices;te-suites;suites-bac-s-liban-2013;active
2537;7152001;terminale;exercices;te-suites;suites-bac-s-amerique-nord-2013;active
2597;7152001;terminale;exercices;te-suites;suites-bac-s-metropole-2013;active
5133;7152001;terminale;exercices;te-suites;demonstration-dune-conjecture-recurrence;active
5190;7152001;terminale;exercices;te-suites;recurrence-et-encadrement;active
10906;7152001;terminale;exercices;te-suites;determiner-lexpression-dun-terme-dune-suite-en-fonction-de-n;active
6307;7152041;NULL;exercices;NULL;suites-bac-s-pondichery-2017;active
19395;7152071;NULL;exercices;NULL;suites-bac-s-asie-2013-2;active
19396;7152081;NULL;exercices;NULL;suites-recurrence-bac-s-metropole-2009-2;active
19397;7152091;NULL;exercices;NULL;suites-algorithmes-bac-s-centres-etrangers-2013-2;active
19398;7152101;NULL;exercices;NULL;suites-bac-s-amerique-nord-2014-2;active
19399;7152111;NULL;exercices;NULL;suites-bac-s-polynesie-2013-2;active
19400;7152121;NULL;exercices;NULL;suites-bac-s-polynesie-2014-2;active
19401;7152131;NULL;exercices;NULL;suites-bac-s-liban-2013-2;active
19402;7152141;NULL;exercices;NULL;suites-bac-s-amerique-nord-2013-2;active
19403;7152151;NULL;exercices;NULL;suites-bac-s-metropole-2013-2;active
1453;7153001;terminale;exercices;te-suites;somme-recurrence-131215;active
1464;7153001;terminale;exercices;te-suites;vrai-faux-convergence;active
5267;7153001;terminale;exercices;te-suites;suites-recurrence-limite;active
10791;7158001;terminale;supplement;te-suites;fiche-de-revision-bac-les-suites;active
509;7250001;terminale;cours;te-limites-de-fonctions;limites-fonctions;active
1275;7252001;terminale;exercices;te-limites-de-fonctions;forme-indeterminee-racine-carree;active
1277;7252001;terminale;exercices;te-limites-de-fonctions;formes-indeterminees-fonction-rationnelles-131118;active
1285;7252001;terminale;exercices;te-limites-de-fonctions;limites-encadrements;active
1288;7252001;terminale;exercices;te-limites-de-fonctions;limites-fonction-rationnelles-131118;active
1293;7253001;terminale;exercices;te-limites-de-fonctions;limites-racine-carree;active
4948;7253001;terminale;exercices;te-limites-de-fonctions;limite-avec-parametre;active
1300;7257001;terminale;methode;te-limites-de-fonctions;calcul-limite-nombre-derive;active
1301;7257001;terminale;methode;te-limites-de-fonctions;formes-indeterminees;active
1302;7257001;terminale;methode;te-limites-de-fonctions;limites-du-type-k0;active
519;7300001;terminale;cours;te-continuite-derivabilite;fonctions-continues-2;active
1071;7301001;terminale;exercices;te-continuite-derivabilite;nombre-solutions-equation;active
1304;7302001;terminale;exercices;te-continuite-derivabilite;nombre-de-solutions-dune-equation-trigonometrique;active
4207;7302001;terminale;exercices;te-continuite-derivabilite;theoreme-de-bijection-tangente;active
1322;7303001;terminale;exercices;te-continuite-derivabilite;nombre-solutions-equation-140912;active
5049;7303001;terminale;exercices;te-continuite-derivabilite;tvi-algorithme-de-dichotomie;active
1657;7305001;terminale;qcm;te-continuite-derivabilite;qcm-theoreme-des-valeurs-intermediaires-1;active
1645;7306001;terminale;qcm;te-continuite-derivabilite;valeurs-intermediaires-2;active
525;7350001;terminale;cours;te-fonctions-trigonomeriques;fonctions-trigonometriques;active
1354;7351001;terminale;exercices;te-fonctions-trigonomeriques;formules-trigonometrie;active
1362;7351001;terminale;exercices;te-fonctions-trigonomeriques;fonction-trigonometrique-1;active
1357;7352001;terminale;exercices;te-fonctions-trigonomeriques;fonction-trigonometrique-bac;active
1365;7352001;terminale;exercices;te-fonctions-trigonomeriques;calculs-trigonometriques-1;active
1369;7352001;terminale;exercices;te-fonctions-trigonomeriques;fonction-tangente;active
1371;7352001;terminale;exercices;te-fonctions-trigonomeriques;fonction-trigo-equations;active
523;7400001;terminale;cours;te-logarithme-neperien;logarithme-neperien;active
1089;7401001;terminale;exercices;te-logarithme-neperien;simplification-dexpressions-avec-logarithme-neperien;active
1092;7402001;terminale;exercices;te-logarithme-neperien;equations-logarithme-exponentielle-1;active
1348;7402001;terminale;exercices;te-logarithme-neperien;etude-fonction-logarithme-1;active
1351;7402001;terminale;exercices;te-logarithme-neperien;etude-fonction-logarithme-2;active
2276;7402001;terminale;exercices;te-logarithme-neperien;etude-fonctions-equations-bac-s-amerique-du-nord-2008;active
4080;7402001;terminale;exercices;te-logarithme-neperien;fonction-logarithme-bac-s-pondichery-2016;active
19404;7402041;NULL;exercices;NULL;etude-fonctions-equations-bac-s-amerique-du-nord-2008-2;active
19405;7402051;NULL;exercices;NULL;fonction-logarithme-bac-s-pondichery-2016-2;active
3443;7403001;terminale;exercices;te-logarithme-neperien;fonction-logarithme-bac-esl-metropole-2015;active
19406;7403011;NULL;exercices;NULL;fonction-logarithme-bac-esl-metropole-2015-2;active
529;7450001;terminale;cours;te-primitives-et-integrales;primitives-integrales;active
1106;7451001;terminale;exercices;te-primitives-et-integrales;calcul-integral-simple-140904;active
1108;7451001;terminale;exercices;te-primitives-et-integrales;calcul-primitives-1;active
1110;7452001;terminale;exercices;te-primitives-et-integrales;integrale-avec-exponentielle;active
1373;7452001;terminale;exercices;te-primitives-et-integrales;primitive-fonction-rationnelle;active
1376;7452001;terminale;exercices;te-primitives-et-integrales;primitives-fonction-rationnelle;active
1379;7452001;terminale;exercices;te-primitives-et-integrales;fonction-ln-primitives-integrales-aire;active
1385;7452001;terminale;exercices;te-primitives-et-integrales;suites-integrales-1;active
1387;7452001;terminale;exercices;te-primitives-et-integrales;etude-fonction-calcul-aire;active
2302;7452001;terminale;exercices;te-primitives-et-integrales;integrales-encadrements-bac-s-amerique-du-nord-2008;active
2447;7452001;terminale;exercices;te-primitives-et-integrales;fonction-calcul-aire-bac-s-pondichery-2011;active
2571;7452001;terminale;exercices;te-primitives-et-integrales;integrales-bac-s-centres-etrangers-2013;active
3744;7452001;terminale;exercices;te-primitives-et-integrales;encadrement-et-integrales;active
4610;7452001;terminale;exercices;te-primitives-et-integrales;exponentielle-et-integrale;active
19407;7452091;NULL;exercices;NULL;integrales-encadrements-bac-s-amerique-du-nord-2008-2;active
19408;7452101;NULL;exercices;NULL;fonction-calcul-aire-bac-s-pondichery-2011-2;active
19409;7452111;NULL;exercices;NULL;integrales-bac-s-centres-etrangers-2013-2;active
4584;7453001;terminale;exercices;te-primitives-et-integrales;integrales-de-wallis;active
548;7500001;terminale;cours;te-droites-et-plans-dans-lespace;droites-plans-espace;active
1490;7501001;terminale;exercices;te-droites-et-plans-dans-lespace;intersection-droite-plan-141019;active
1492;7501001;terminale;exercices;te-droites-et-plans-dans-lespace;representation-parametrique-droites-plans;active
1494;7501001;terminale;exercices;te-droites-et-plans-dans-lespace;representation-parametrique-plan;active
1496;7502001;terminale;exercices;te-droites-et-plans-dans-lespace;coordonnees-representation-parametrique;active
1499;7502001;terminale;exercices;te-droites-et-plans-dans-lespace;section-plane-cube;active
3911;7502001;terminale;exercices;te-droites-et-plans-dans-lespace;representation-parametrique-tetraedre;active
1501;7503001;terminale;exercices;te-droites-et-plans-dans-lespace;section-plane-cube-2;active
6248;7503001;terminale;exercices;te-droites-et-plans-dans-lespace;geometrie-lespace-bac-s-pondichery-2017;active
19410;7503011;NULL;exercices;NULL;geometrie-lespace-bac-s-pondichery-2017-2;active
555;7550001;terminale;cours;te-orthogonalite-dans-lespace;produit-scalaire-espace;active
1503;7551001;terminale;exercices;te-orthogonalite-dans-lespace;plans-orthogonaux;active
1514;7552001;terminale;exercices;te-orthogonalite-dans-lespace;produit-scalaire-espace-bac-s-amerique-du-nord-2008;active
1516;7552001;terminale;exercices;te-orthogonalite-dans-lespace;qcm-geometrie-espace-bac-s-antilles-guyane-2013;active
2216;7552001;terminale;exercices;te-orthogonalite-dans-lespace;equations-plans-bac-s-metropole-2008;active
2413;7552001;terminale;exercices;te-orthogonalite-dans-lespace;geometrie-analytique-cube-bac-s-liban-2009;active
2430;7552001;terminale;exercices;te-orthogonalite-dans-lespace;geometrie-analytique-bac-s-centres-etrangers-2009;active
2503;7552001;terminale;exercices;te-orthogonalite-dans-lespace;qcm-geometrie-espace-bac-s-pondichery-2013;active
2520;7552001;terminale;exercices;te-orthogonalite-dans-lespace;qcm-geometrie-espace-bac-s-liban-2013;active
2534;7552001;terminale;exercices;te-orthogonalite-dans-lespace;geometrie-espace-bac-s-amerique-nord-2013;active
2564;7552001;terminale;exercices;te-orthogonalite-dans-lespace;qcm-geometrie-espace-bac-s-centres-etrangers-2013;active
4070;7552001;terminale;exercices;te-orthogonalite-dans-lespace;geometrie-espace-bac-s-pondichery-2016;active
19411;7552011;NULL;exercices;NULL;produit-scalaire-espace-bac-s-amerique-du-nord-2008-2;active
19412;7552021;NULL;exercices;NULL;qcm-geometrie-espace-bac-s-antilles-guyane-2013-2;active
19413;7552031;NULL;exercices;NULL;equations-plans-bac-s-metropole-2008-2;active
19414;7552041;NULL;exercices;NULL;geometrie-analytique-cube-bac-s-liban-2009-2;active
19415;7552051;NULL;exercices;NULL;geometrie-analytique-bac-s-centres-etrangers-2009-2;active
19416;7552061;NULL;exercices;NULL;qcm-geometrie-espace-bac-s-pondichery-2013-2;active
19417;7552071;NULL;exercices;NULL;qcm-geometrie-espace-bac-s-liban-2013-2;active
19418;7552081;NULL;exercices;NULL;geometrie-espace-bac-s-amerique-nord-2013-2;active
19419;7552091;NULL;exercices;NULL;qcm-geometrie-espace-bac-s-centres-etrangers-2013-2;active
19420;7552101;NULL;exercices;NULL;geometrie-espace-bac-s-pondichery-2016-2;active
1506;7553001;terminale;exercices;te-orthogonalite-dans-lespace;geometrie-espace-bac-s-metropole-2014;active
19421;7553011;NULL;exercices;NULL;geometrie-espace-bac-s-metropole-2014-2;active
19213;7570001;terminale;cours;te-denombrement;denombrement;active
306;7600001;terminale;cours;te-loi-binomiale;loi-binomiale;active
1228;7602001;terminale;exercices;te-loi-binomiale;jeu-de-flechettes-bac-s-pondichery-2011;active
19422;7602011;NULL;exercices;NULL;jeu-de-flechettes-bac-s-pondichery-2011-2;active
19199;7650001;NULL;cours;NULL;loi-des-grands-nombres;waiting
447;8200001;tle-complementaire;cours;tc-suites;les-suites-geometriques;active
1115;8202001;tle-complementaire;exercices;tc-suites;suites-bac-es-pondichery-2013;active
1118;8202001;tle-complementaire;exercices;tc-suites;demographie-suite-geometrique;active
1121;8202001;tle-complementaire;exercices;tc-suites;suite-algorithme;active
2054;8202001;tle-complementaire;exercices;tc-suites;suites-bac-es-liban-2013;active
2071;8202001;tle-complementaire;exercices;tc-suites;suites-bac-es-amerique-nord-2013;active
2093;8202001;tle-complementaire;exercices;tc-suites;suites-bac-es-polynesie-2013;active
2101;8202001;tle-complementaire;exercices;tc-suites;qcm-suites-bac-es-centres-etrangers-2013;active
2132;8202001;tle-complementaire;exercices;tc-suites;suites-bac-es-pondichery-2014;active
2163;8202001;tle-complementaire;exercices;tc-suites;suites-bac-es-amerique-nord-2014;active
2175;8202001;tle-complementaire;exercices;tc-suites;suites-bac-es-centres-etrangers-2014;active
2185;8202001;tle-complementaire;exercices;tc-suites;suites-bac-es-polynesie-2014;active
2194;8202001;tle-complementaire;exercices;tc-suites;suites-bac-es-metropole-2014;active
3465;8202001;tle-complementaire;exercices;tc-suites;suites-bac-esl-metropole-2015;active
6097;8202001;tle-complementaire;exercices;tc-suites;suites-bac-esl-metropole-reunion-2016;active
6782;8202001;tle-complementaire;exercices;tc-suites;etude-graphique-suite-arithmetico-geometrique;active
10455;8202001;tle-complementaire;exercices;tc-suites;suites-bac-blanc-es-l-sujet-2-maths-cours-2018;active
10469;8202001;tle-complementaire;exercices;tc-suites;suites-bac-blanc-es-l-sujet-3-maths-cours-2018;active
10505;8202001;tle-complementaire;exercices;tc-suites;suites-bac-blanc-es-l-sujet-4-maths-cours-2018;active
19423;8202061;NULL;exercices;NULL;suites-bac-es-liban-2013-2;active
19424;8202071;NULL;exercices;NULL;suites-bac-es-amerique-nord-2013-2;active
19425;8202081;NULL;exercices;NULL;suites-bac-es-polynesie-2013-2;active
19426;8202091;NULL;exercices;NULL;qcm-suites-bac-es-centres-etrangers-2013-2;active
19427;8202101;NULL;exercices;NULL;suites-bac-es-pondichery-2014-2;active
19428;8202111;NULL;exercices;NULL;suites-bac-es-amerique-nord-2014-2;active
19429;8202121;NULL;exercices;NULL;suites-bac-es-centres-etrangers-2014-2;active
19430;8202131;NULL;exercices;NULL;suites-bac-es-polynesie-2014-2;active
19431;8202141;NULL;exercices;NULL;suites-bac-es-metropole-2014-2;active
19432;8202151;NULL;exercices;NULL;suites-bac-esl-metropole-reunion-2016-2;active
19433;8202161;NULL;exercices;NULL;suites-bac-blanc-es-l-sujet-2-maths-cours-2018-2;active
19434;8202171;NULL;exercices;NULL;suites-bac-blanc-es-l-sujet-3-maths-cours-2018-2;active
19435;8202181;NULL;exercices;NULL;suites-bac-blanc-es-l-sujet-4-maths-cours-2018-2;active
421;8300001;tle-complementaire;cours;tc-fonctions-limites-continuite;fonctions-continues;active
1074;8302001;tle-complementaire;exercices;tc-fonctions-limites-continuite;etude-fonction-equation;active
4999;8302001;tle-complementaire;exercices;tc-fonctions-limites-continuite;fonctions-doffre-de-demande-tvi;active
5010;8303001;tle-complementaire;exercices;tc-fonctions-limites-continuite;theoreme-valeurs-intermediaires;active
441;8400001;tle-complementaire;cours;tc-derivees-convexite;convexite;active
1102;8401001;tle-complementaire;exercices;tc-derivees-convexite;convexite-lecture-graphique;active
1100;8402001;tle-complementaire;exercices;tc-derivees-convexite;convexite-exponentielle;active
1104;8402001;tle-complementaire;exercices;tc-derivees-convexite;etude-fonction-convexite;active
2107;8402001;tle-complementaire;exercices;tc-derivees-convexite;fonction-convexe-bac-es-centres-etrangers-2013;active
19436;8402031;NULL;exercices;NULL;fonction-convexe-bac-es-centres-etrangers-2013-2;active
445;8500001;tle-complementaire;cours;tc-integrales;aires-integrales;active
1112;8502001;tle-complementaire;exercices;tc-integrales;bac-lecture-graphique-integrale;active
2189;8502001;tle-complementaire;exercices;tc-integrales;fonctions-integrales-bac-es-polynesie-2014;active
10503;8502001;tle-complementaire;exercices;tc-integrales;fonctions-et-integrales-bac-blanc-es-l-sujet-4-maths-cours-2018;active
19437;8502021;NULL;exercices;NULL;fonctions-integrales-bac-es-polynesie-2014-2;active
19438;8502031;NULL;exercices;NULL;fonctions-et-integrales-bac-blanc-es-l-sujet-4-maths-cours-2018-2;active
436;8600001;tle-complementaire;cours;tc-logarithme-neperien;fonction-logarithme-neperien;active
1096;8602001;tle-complementaire;exercices;tc-logarithme-neperien;lecture-graphique-logarithme-140902;active
2000;8602001;tle-complementaire;exercices;tc-logarithme-neperien;benefice-maximal-bac-es-pondichery-2011;active
6116;8602001;tle-complementaire;exercices;tc-logarithme-neperien;logarithme-bac-esl-metropole-reunion-2016;active
19439;8602021;NULL;exercices;NULL;benefice-maximal-bac-es-pondichery-2011-2;active
19440;8602031;NULL;exercices;NULL;logarithme-bac-esl-metropole-reunion-2016-2;active
400;8650001;tle-complementaire;cours;tc-probabilites-conditionnelles;probabilites-conditionnelles;active
1023;8652001;tle-complementaire;exercices;tc-probabilites-conditionnelles;arbre-loi-binomiale-bac-es-pondichery-2008;active
1025;8652001;tle-complementaire;exercices;tc-probabilites-conditionnelles;loi-binomiale-bac-es-metropole-2008;active
1028;8652001;tle-complementaire;exercices;tc-probabilites-conditionnelles;probabilites-conditionnelles-arbre-pondere;active
1039;8652001;tle-complementaire;exercices;tc-probabilites-conditionnelles;bac-arbre-conditionnement-140827;active
1042;8652001;tle-complementaire;exercices;tc-probabilites-conditionnelles;arbre-probabilites-conditionnelles;active
1045;8652001;tle-complementaire;exercices;tc-probabilites-conditionnelles;bac-probabilites-conditionnelles-140827;active
1856;8652001;tle-complementaire;exercices;tc-probabilites-conditionnelles;arbre-loi-probabilite-bac-es-amerique-nord-2008;active
1880;8652001;tle-complementaire;exercices;tc-probabilites-conditionnelles;loi-binomiale-bac-es-liban-2008;active
1896;8652001;terminale;exercices;tc-probabilites-conditionnelles;loi-binomiale-bac-es-polynesie-francaise-2008;active
1920;8652001;tle-complementaire;exercices;tc-probabilites-conditionnelles;arbre-bac-es-metropole-2009;active
1931;8652001;tle-complementaire;exercices;tc-probabilites-conditionnelles;probabilites-loi-binomiale-bac-es-pondichery-2009;active
1961;8652001;tle-complementaire;exercices;tc-probabilites-conditionnelles;loi-de-probabilite-bac-es-liban-2009;active
1971;8652001;tle-complementaire;exercices;tc-probabilites-conditionnelles;loi-binomiale-bac-es-centres-etrangers-2009;active
1985;8652001;tle-complementaire;exercices;tc-probabilites-conditionnelles;arbre-bac-es-pondichery-2011;active
2008;8652001;tle-complementaire;exercices;tc-probabilites-conditionnelles;probabilites-et-pourcentages-bac-es-metropole-2012;active
2034;8652001;tle-complementaire;exercices;tc-probabilites-conditionnelles;probabilites-bac-es-pondichery-2013;active
2063;8652001;tle-complementaire;exercices;tc-probabilites-conditionnelles;probabilites-bac-es-liban-2013;active
2082;8652001;tle-complementaire;exercices;tc-probabilites-conditionnelles;probabilites-bac-es-polynesie-2013;active
2104;8652001;tle-complementaire;exercices;tc-probabilites-conditionnelles;probabilites-bac-es-centres-etrangers-2013;active
2308;8652001;tle-complementaire;exercices;tc-probabilites-conditionnelles;probabilites-variables-aleatoires-bac-s-liban-2008;active
10448;8652001;tle-complementaire;exercices;tc-probabilites-conditionnelles;probabilites-bac-blanc-es-l-sujet-2-maths-cours-2018;active
19441;8652061;NULL;exercices;NULL;arbre-loi-probabilite-bac-es-amerique-nord-2008-2;active
19442;8652071;NULL;exercices;NULL;loi-binomiale-bac-es-liban-2008-2;active
19443;8652081;NULL;exercices;NULL;loi-binomiale-bac-es-polynesie-francaise-2008-2;active
19444;8652091;NULL;exercices;NULL;arbre-bac-es-metropole-2009-2;active
19445;8652101;NULL;exercices;NULL;probabilites-loi-binomiale-bac-es-pondichery-2009-2;active
19446;8652111;NULL;exercices;NULL;loi-de-probabilite-bac-es-liban-2009-2;active
19447;8652121;NULL;exercices;NULL;loi-binomiale-bac-es-centres-etrangers-2009-2;active
19448;8652131;NULL;exercices;NULL;arbre-bac-es-pondichery-2011-2;active
19449;8652141;NULL;exercices;NULL;probabilites-et-pourcentages-bac-es-metropole-2012-2;active
19450;8652151;NULL;exercices;NULL;probabilites-bac-es-pondichery-2013-2;active
19451;8652161;NULL;exercices;NULL;probabilites-bac-es-liban-2013-2;active
19452;8652171;NULL;exercices;NULL;probabilites-bac-es-polynesie-2013-2;active
19453;8652181;NULL;exercices;NULL;probabilites-bac-es-centres-etrangers-2013-2;active
19454;8652191;NULL;exercices;NULL;probabilites-variables-aleatoires-bac-s-liban-2008-2;active
19455;8652211;NULL;exercices;NULL;probabilites-bac-blanc-es-l-sujet-2-maths-cours-2018-2;active
10477;8653001;tle-complementaire;exercices;tc-probabilites-conditionnelles;probabilites-bac-blanc-es-l-sujet-3-maths-cours-2018;active
19456;8653011;NULL;exercices;NULL;probabilites-bac-blanc-es-l-sujet-3-maths-cours-2018-2;active
1654;8655001;tle-complementaire;qcm;tc-probabilites-conditionnelles;evenements-probabilites;active
393;8670001;tle-complementaire;cours;tc-loi-binomiale;schema-bernouilli-loi-binomiale;active
915;8671001;tle-complementaire;exercices;tc-loi-binomiale;loi-binomiale-enquete;active
917;8672001;tle-complementaire;exercices;tc-loi-binomiale;loi-binomiale-utilisation-calculatrice;active
6975;8672001;tle-complementaire;exercices;tc-loi-binomiale;esperance-mathematique-loi-binomiale;active
10412;8672001;tle-complementaire;exercices;tc-loi-binomiale;probabilites-bac-blanc-es-l-sujet-1-maths-cours-2018;active
19457;8672011;NULL;exercices;NULL;probabilites-bac-blanc-es-l-sujet-1-maths-cours-2018-2;active
488;8700001;tle-complementaire;cours;tc-lois-a-densite;variables-aleatoires-continues;active
6109;8701001;tle-complementaire;exercices;tc-lois-a-densite;probabilites-bac-esl-metropole-reunion-2016;active
19458;8701011;NULL;exercices;NULL;probabilites-bac-esl-metropole-reunion-2016-2;active
1056;8702001;tle-complementaire;exercices;tc-lois-a-densite;probabilites-loi-uniforme-1;active
2098;8702001;tle-complementaire;exercices;tc-lois-a-densite;loi-normale-bac-es-polynesie-2013;active
2110;8702001;tle-complementaire;exercices;tc-lois-a-densite;lois-continues-bac-es-centres-etrangers-2013;active
19459;8702011;NULL;exercices;NULL;loi-normale-bac-es-polynesie-2013-2;active
19460;8702021;NULL;exercices;NULL;lois-continues-bac-es-centres-etrangers-2013-2;active
533;9200001;terminale_expert;cours;tx-nombres-complexes-et-algebre;nombres-complexes-geometrie;active
1394;9201001;tle-expert;exercices;tx-nombres-complexes-et-algebre;nombres-complexes-lieux-geometriques-1;active
1396;9201001;tle-expert;exercices;tx-nombres-complexes-et-algebre;calcul-forme-algebrique;active
1398;9201001;terminale;exercices;tx-nombres-complexes-et-algebre;nombres-complexes-equation-du-second-degre;active
1421;9201001;tle-expert;exercices;tx-nombres-complexes-et-algebre;nombres-complexes-bac-s-pondichery-2013;active
4632;9201001;tle-expert;exercices;tx-nombres-complexes-et-algebre;nombres-complexes-equation-puissances;active
6271;9201001;tle-expert;exercices;tx-nombres-complexes-et-algebre;nombres-complexes-bac-s-pondichery-2017;active
7157;9201001;tle-expert;exercices;tx-nombres-complexes-et-algebre;nombres-complexes-bac-s-pondichery-2018;active
19461;9201011;NULL;exercices;NULL;nombres-complexes-bac-s-pondichery-2013-2;active
19462;9201021;NULL;exercices;NULL;nombres-complexes-bac-s-pondichery-2017-2;active
19463;9201031;NULL;exercices;NULL;nombres-complexes-bac-s-pondichery-2018-2;active
1400;9202001;tle-expert;exercices;tx-nombres-complexes-et-algebre;calcul-sin-cos-pi-sur-12;active
1408;9202001;tle-expert;exercices;tx-nombres-complexes-et-algebre;nombres-complexes-bac-s-metropole-2014;active
1413;9202001;tle-expert;exercices;tx-nombres-complexes-et-algebre;nombres-complexes-bac-s-pondichery-2014;active
1426;9202001;tle-expert;exercices;tx-nombres-complexes-et-algebre;suites-complexes-bac-s-antilles-guyane-2013;active
2435;9202001;tle-expert;exercices;tx-nombres-complexes-et-algebre;qcm-nombres-complexes-bac-s-centres-etrangers-2009;active
2892;9202001;terminale_expert;exercices;tx-nombres-complexes-et-algebre;nombres-complexes-bac-s-metropole-2015;active
3870;9202001;tle-expert;exercices;tx-nombres-complexes-et-algebre;nombres-complexes-bac-s-nouvelle-caledonie-2016;active
4047;9202001;tle-expert;exercices;tx-nombres-complexes-et-algebre;nombres-complexes-bac-s-pondichery-2016;active
7722;9202001;tle-expert;exercices;tx-nombres-complexes-et-algebre;nombres-complexes-bac-s-liban-2018;active
19464;9202011;NULL;exercices;NULL;nombres-complexes-bac-s-metropole-2014-2;active
19465;9202021;NULL;exercices;NULL;nombres-complexes-bac-s-pondichery-2014-2;active
19466;9202031;NULL;exercices;NULL;suites-complexes-bac-s-antilles-guyane-2013-2;active
19467;9202041;NULL;exercices;NULL;qcm-nombres-complexes-bac-s-centres-etrangers-2009-2;active
19468;9202051;NULL;exercices;NULL;nombres-complexes-bac-s-metropole-2015-2;active
19469;9202061;NULL;exercices;NULL;nombres-complexes-bac-s-nouvelle-caledonie-2016-2;active
19470;9202071;NULL;exercices;NULL;nombres-complexes-bac-s-pondichery-2016-2;active
19471;9202081;NULL;exercices;NULL;nombres-complexes-bac-s-liban-2018-2;active
1419;9203001;tle-expert;exercices;tx-nombres-complexes-et-algebre;nombres-complexes-lieux-geometriques-2;active
4618;9203001;tle-expert;exercices;tx-nombres-complexes-et-algebre;nombres-complexes-probabilites;active
5765;9207001;tle-expert;methode;tx-nombres-complexes-et-algebre;ensemble-de-points-dont-affixe-verifie-condition;active
3587;9208001;tle-expert;supplement;tx-nombres-complexes-et-algebre;similitudes;active
10842;9208001;tle-expert;supplement;tx-nombres-complexes-et-algebre;fiche-de-revision-bac-les-nombres-complexes;active
19238;9300001;NULL;cours;NULL;nombres-complexes-et-geometrie;waiting
561;9400001;tle-expert;cours;tx-divisibilite-et-congruences;divisibilite-congruences;active
1520;9401001;tle-expert;exercices;tx-divisibilite-et-congruences;division-euclidienne-negatifs-141106;active
1522;9402001;tle-expert;exercices;tx-divisibilite-et-congruences;codage-bac-nle-caledonie-2013;active
1531;9402001;tle-expert;exercices;tx-divisibilite-et-congruences;division-euclidienne-restes-141106;active
1533;9402001;tle-expert;exercices;tx-divisibilite-et-congruences;solutions-entieres-equations-141106;active
1536;9402001;tle-expert;exercices;tx-divisibilite-et-congruences;arithmetique-bac-s-amerique-nord-2013;active
19472;9402011;NULL;exercices;NULL;codage-bac-nle-caledonie-2013-2;active
19473;9402021;NULL;exercices;NULL;arithmetique-bac-s-amerique-nord-2013-2;active
5163;9403001;tle-expert;exercices;tx-divisibilite-et-congruences;divisibilite-et-recurrence;active
5474;9403001;tle-expert;exercices;tx-divisibilite-et-congruences;somme-de-puissances;active
5573;9403001;tle-expert;exercices;tx-divisibilite-et-congruences;congruences-puissances-de-2-de-3;active
1541;9407001;tle-expert;methode;tx-divisibilite-et-congruences;calculer-reste-congruences;active
567;9500001;tle-expert;cours;tx-pgcd-et-nombres-premiers;pgcd-nombres-premiers;active
1544;9501001;tle-expert;exercices;tx-pgcd-et-nombres-premiers;determiner-pgcd-141119;active
1546;9502001;tle-expert;exercices;tx-pgcd-et-nombres-premiers;theoreme-restes-chinois-141119;active
2395;9502001;tle-expert;exercices;tx-pgcd-et-nombres-premiers;congruences-bac-s-amerique-du-nord-2009;active
2417;9502001;tle-expert;exercices;tx-pgcd-et-nombres-premiers;congruences-bac-s-liban-2009;active
2471;9502001;tle-expert;exercices;tx-pgcd-et-nombres-premiers;suite-entiers-bac-s-amerique-nord-2011;active
4103;9502001;tle-expert;exercices;tx-pgcd-et-nombres-premiers;cryptographie-bac-s-pondichery-2016-spe;active
19474;9502021;NULL;exercices;NULL;congruences-bac-s-liban-2009-2;active
19475;9502031;NULL;exercices;NULL;suite-entiers-bac-s-amerique-nord-2011-2;active
19476;9502041;NULL;exercices;NULL;cryptographie-bac-s-pondichery-2016-spe-2;active
5221;9503001;tle-expert;exercices;tx-pgcd-et-nombres-premiers;difference-de-deux-puissances;active
1542;9507001;tle-expert;methode;tx-pgcd-et-nombres-premiers;algorithme-euclide;active
1543;9507001;tle-expert;methode;tx-pgcd-et-nombres-premiers;algorithme-euclide-etendu;active
1629;9509001;tle-expert;solver;tx-pgcd-et-nombres-premiers;coefficients-bezout;active
5846;9600001;tle-expert;cours;tx-introduction-aux-matrices;introduction-aux-matrices-spe;active
1134;9602001;tle-expert;exercices;tx-introduction-aux-matrices;systeme-equations-3-inconnues-140912;active
5849;9603001;tle-expert;exercices;tx-introduction-aux-matrices;puissance-dune-matrice;active
474;9700001;tle-expert;cours;tx-graphes;graphes;active
1139;9702001;tle-expert;exercices;tx-graphes;graphes-algorithme-dijkstra-bac-es-metropole-2009;active
1143;9702001;tle-expert;exercices;tx-graphes;graphes-trajet-minimal-bac-es-polynesie-francaise-2008;active
1145;9702001;tle-expert;exercices;tx-graphes;graphe-trajet-minimal-bac-es-amerique-nord-2009;active
1148;9702001;tle-expert;exercices;tx-graphes;graphes-trajet-minimal-bac-es-pondichery-2009;active
6795;9702001;tle-expert;exercices;tx-graphes;graphes-algorithme-de-dijksta;active
10428;9702001;tle-expert;exercices;tx-graphes;graphes-bac-blanc-es-sujet-1-maths-cours-2018-spe;active
10457;9702001;tle-expert;exercices;tx-graphes;graphes-bac-blanc-es-sujet-2-maths-cours-2018-spe;active
10479;9702001;tle-expert;exercices;tx-graphes;graphes-bac-blanc-es-l-sujet-3-maths-cours-2018-spe;active
19477;9702011;NULL;exercices;NULL;graphes-algorithme-dijkstra-bac-es-metropole-2009-2;active
19478;9702021;NULL;exercices;NULL;graphes-trajet-minimal-bac-es-polynesie-francaise-2008-2;active
19479;9702031;NULL;exercices;NULL;graphe-trajet-minimal-bac-es-amerique-nord-2009-2;active
19480;9702041;NULL;exercices;NULL;graphes-trajet-minimal-bac-es-pondichery-2009-2;active
19481;9702051;NULL;exercices;NULL;graphes-bac-blanc-es-sujet-1-maths-cours-2018-spe-2;active
19482;9702061;NULL;exercices;NULL;graphes-bac-blanc-es-sujet-2-maths-cours-2018-spe-2;active
19483;9702071;NULL;exercices;NULL;graphes-bac-blanc-es-l-sujet-3-maths-cours-2018-spe-2;active
7015;9707001;tle-expert;methode;tx-graphes;algorithme-de-dijkstra-etape-par-etape;active
19236;9800001;NULL;cours;NULL;suites-et-matrices;waiting
3850;15164520;NULL;exercices;NULL;fonctions-bac-s-nouvelle-caledonie-2016;active
3857;15164530;NULL;exercices;NULL;geometrie-dans-lepace-bac-s-nouvelle-caledonie-2016;active
3878;15164545;NULL;exercices;NULL;cryptographie-bac-s-nouvelle-caledonie-2016-spe;waiting
6285;15171010;NULL;exercices;NULL;probabilites-bac-s-pondichery-2017;active
6294;15171030;NULL;exercices;NULL;integrale-aire-bac-s-pondichery-2017;active
6313;15171045;NULL;exercices;NULL;suites-matrices-bac-s-pondichery-2017-spe;active
492;19000003;obsolete;cours;ts-lois-normales;loi-normale;active
500;19000004;obsolete;cours;ts-estimation;fluctuation-estimation;active
521;19000007;obsolete;cours;ts-exponentielle;fonction-exponentielle;active
429;19000018;obsolete;cours;tes-exponentielle;fonctions-exponentielles;active
417;19000025;obsolete;cours;tes-estimation;estimation;active
450;19000026;obsolete;cours;tes-spe-matrices;matrices;active
356;19000028;obsolete;cours;1erees-second-degre;polynomes-du-second-degre;active
1163;19000028;obsolete;cours;tes-spe-graphe-probabiliste;graphe-probabiliste-spe;active
358;19000029;obsolete;cours;1erees-fonctions;etude-de-fonctions;active
360;19000030;obsolete;cours;1erees-derivees;derivees;active
377;19000032;obsolete;cours;1erees-suites;suites-generalites;active
384;19000033;obsolete;cours;1erees-suites-arithmetiques-et-geometriques;suites-arithmetiques-geometriques;active
387;19000034;obsolete;cours;1erees-statistiques;statistiques-une-variable;active
389;19000035;obsolete;cours;1erees-loi-de-probabilite;variable-aleatoire-loi-probabilite;active
395;19000037;obsolete;cours;1erees-echantillonnage;echantillonnage;active
204;19000063;obsolete;cours;2nde-trigonometrie;trigonometrie;active
219;19000064;obsolete;cours;2nde-geometrie-dans-lespace;geometrie-espace;active
19919;29000370;NULL;methode;NULL;montrer-quune-fonction-est-paire-ou-impaire;active
10727;29020170;NULL;exercices;NULL;pourcentage-et-geometrie;active
19950;30000080;NULL;page;NULL;tex-source;active
