id;title;status;slug;menu_order;classe;chapitre;difficult;solve;annale;;;;;
1786;Calcul d'aire - Fonction - Brevet Métropole 2013;active;aire-fonction-brevet-metropole-2013;4352001;troisieme;3e-notion-de-fonction;2;en-attente-de-correction;brevet-metropole-2013;12135010;Brevet;Métropole;2013;Brevet 2013 Métropole
1790;Lecture graphique - Fonction - Brevet Métropole 2013;active;fonction-lecture-graphique-brevet-metropole-2013;4352001;troisieme;3e-notion-de-fonction;2;exercice-corrige;brevet-metropole-2013;12135020;Brevet;Métropole;2013;Brevet 2013 Métropole
1798;Calcul d'angles - Brevet Métropole 2013;active;calcul-angles-brevet-metropole-2013;5;troisieme;NULL;2;NULL;brevet-metropole-2013;12135030;Brevet;Métropole;2013;Brevet 2013 Métropole
1800;Volume d'un cône - Brevet Métropole 2013;active;volume-cone-brevet-metropole-2013;4702001;troisieme;3e-solides-volumes;2;en-attente-de-correction;brevet-metropole-2013;12135040;Brevet;Métropole;2013;Brevet 2013 Métropole
1804;QCM - Brevet Métropole 2013;active;qcm-brevet-metropole-2013;7;troisieme;NULL;2;NULL;brevet-metropole-2013;12135050;Brevet;Métropole;2013;Brevet 2013 Métropole
1806;Calcul de coûts - Brevet Métropole 2013;active;calcul-couts-brevet-metropole-2013;5;troisieme;NULL;2;NULL;brevet-metropole-2013;12135060;Brevet;Métropole;2013;Brevet 2013 Métropole
1752;Vrai/Faux - Brevet Pondichéry 2013;active;qcm-brevet-pondichery-2013;1;troisieme;NULL;2;NULL;brevet-pondichery-2013;12136010;Brevet;Pondichéry;2013;Brevet 2013 Pondichéry
1754;Statistiques - Brevet Pondichéry 2013;active;statistiques-brevet-pondichery-2013;4802001;troisieme;3e-statistiques;2;en-attente-de-correction;brevet-pondichery-2013;12136020;Brevet;Pondichéry;2013;Brevet 2013 Pondichéry
1762;Proportionnalité Trigonométrie - Brevet Pondichéry 2013;active;proportionnalite-brevet-pondichery-2013;3;troisieme;NULL;2;NULL;brevet-pondichery-2013;12136030;Brevet;Pondichéry;2013;Brevet 2013 Pondichéry
1766;Fonctions - Tableur - Brevet Pondichéry 2013;active;fonctions-tableur-brevet-pondichery-2013;4352001;troisieme;3e-notion-de-fonction;2;en-attente-de-correction;brevet-pondichery-2013;12136040;Brevet;Pondichéry;2013;Brevet 2013 Pondichéry
1774;Volume d'une pyramide - Brevet Pondichéry 2013;active;pyramide-brevet-pondichery-2013;4702001;troisieme;3e-solides-volumes;2;en-attente-de-correction;brevet-pondichery-2013;12136050;Brevet;Pondichéry;2013;Brevet 2013 Pondichéry
1781;Calcul de vitesses - Brevet Pondichéry 2013;active;calcul-vitesse-brevet-pondichery-2013;6;troisieme;NULL;2;NULL;brevet-pondichery-2013;12136060;Brevet;Pondichéry;2013;Brevet 2013 Pondichéry
1740;Trigonométrie - Brevet Métropole 2014;active;trigonometrie-brevet-metropole-2014;4602001;troisieme;3e-theoreme-de-pythagore-trigonometrie;2;en-attente-de-correction;brevet-metropole-2014;12145010;Brevet;Métropole;2014;Brevet 2014 Métropole
1810;Octogone régulier - Brevet Métropole 2014;active;octogone-regulier-brevet-metropole-2014;1;troisieme;NULL;2;en-attente-de-correction;brevet-metropole-2014;12145020;Brevet;Métropole;2014;Brevet 2014 Métropole
1821;Calculs de réductions - Brevet Métropole 2014;active;calcul-reduction-brevet-metropole-2014;2;troisieme;NULL;2;NULL;brevet-metropole-2014;12145030;Brevet;Métropole;2014;Brevet 2014 Métropole
1826;Programme de calcul - Brevet Métropole 2014;active;programme-calcul-brevet-metropole-2014;3;troisieme;NULL;2;exercice-corrige;brevet-metropole-2014;12145040;Brevet;Métropole;2014;Brevet 2014 Métropole
1830;Probabilités - Brevet Métropole 2014;active;probabilites-brevet-metropole-2014;4852001;troisieme;3e-probabilites;2;exercice-corrige;brevet-metropole-2014;12145050;Brevet;Métropole;2014;Brevet 2014 Métropole
1833;QCM - Brevet Métropole 2014;active;qcm-brevet-metropole-2014;5;troisieme;NULL;2;NULL;brevet-metropole-2014;12145060;Brevet;Métropole;2014;Brevet 2014 Métropole
1841;Calculs - Aires et coûts - Brevet Métropole 2014;active;calculs-aires-cout-metropole-2014;7;troisieme;NULL;2;exercice-corrige;brevet-metropole-2014;12145070;Brevet;Métropole;2014;Brevet 2014 Métropole
9897;Probabilités - Brevet Métropole 2017;active;probabilites-brevet-metropole-2017;4852001;troisieme;3e-probabilites;2;en-attente-de-correction;brevet-metropole-2017;12175010;Brevet;Métropole;2017;Brevet 2017 Métropole
9900;Programme Scratch - Brevet Métropole 2017;active;programme-scratch-brevet-metropole-2017;2;troisieme;NULL;2;en-attente-de-correction;brevet-metropole-2017;12175020;Brevet;Métropole;2017;Brevet 2017 Métropole
9906;Fonctions - Brevet Métropole 2017;active;fonctions-brevet-metropole-2017;3;troisieme;NULL;2;en-attente-de-correction;brevet-metropole-2017;12175030;Brevet;Métropole;2017;Brevet 2017 Métropole
9910;Panneaux solaires - Brevet Métropole 2017;active;panneaux-solaires-brevet-metropole-2017;4;troisieme;NULL;2;en-attente-de-correction;brevet-metropole-2017;12175040;Brevet;Métropole;2017;Brevet 2017 Métropole
9917;Calculs de vitesse - Brevet Métropole 2017;active;calculs-de-vitesse-brevet-metropole-2017;5;troisieme;NULL;2;en-attente-de-correction;brevet-metropole-2017;12175050;Brevet;Métropole;2017;Brevet 2017 Métropole
9926;Statistiques - Brevet Métropole 2017;active;statistiques-brevet-metropole-2017;4802001;troisieme;3e-statistiques;2;en-attente-de-correction;brevet-metropole-2017;12175060;Brevet;Métropole;2017;Brevet 2017 Métropole
9936;Volumes - Brevet Métropole 2017;active;volumes-brevet-metropole-2017;7;troisieme;NULL;2;en-attente-de-correction;brevet-metropole-2017;12175070;Brevet;Métropole;2017;Brevet 2017 Métropole
9484;Volumes - Brevet Métropole 2018;active;volumes-brevet-metropole-2018;4702001;troisieme;3e-solides-volumes;2;en-attente-de-correction;brevet-metropole-2018;12185010;Brevet;Métropole;2018;Brevet 2018 Métropole
9500;Statistiques - Brevet Métropole 2018;active;statistiques-brevet-metropole-2018;2;troisieme;NULL;2;en-attente-de-correction;brevet-metropole-2018;12185020;Brevet;Métropole;2018;Brevet 2018 Métropole
9508;Probabilités - Brevet Métropole 2018;active;probabilites-brevet-metropole-2018;4852001;troisieme;3e-probabilites;2;en-attente-de-correction;brevet-metropole-2018;12185020;Brevet;Métropole;2018;Brevet 2018 Métropole
9512;Géométrie plane - Brevet Métropole 2018;active;geometrie-plane-brevet-metropole-2018;4;troisieme;NULL;2;en-attente-de-correction;brevet-metropole-2018;12185020;Brevet;Métropole;2018;Brevet 2018 Métropole
9518;Algorithme de calcul - Brevet Métropole 2018;active;algorithme-de-calcul-brevet-metropole-2018;5;troisieme;NULL;2;en-attente-de-correction;brevet-metropole-2018;12185020;Brevet;Métropole;2018;Brevet 2018 Métropole
9525;Programme scratch - Brevet Métropole 2018;active;programme-scratch-brevet-metropole-2018;6;troisieme;NULL;2;en-attente-de-correction;brevet-metropole-2018;12185020;Brevet;Métropole;2018;Brevet 2018 Métropole
9532;Hand-spinner - Brevet Métropole 2018;active;hand-spinner-brevet-metropole-2018;7;troisieme;NULL;2;en-attente-de-correction;brevet-metropole-2018;12185020;Brevet;Métropole;2018;Brevet 2018 Métropole
11189;QCM - Contrôle continu 1ère - 2020 - Sujet zéro;active;qcm-controle-continu-1ere-2020-sujet-zero;1;premiere;NULL;2;exercice-corrige;controle-continu-1ere-2020-sujet-zero;14200010;Première;Contrôle continu;2020;Première 2020 Contrôle continu
11198;Fonction exponentielle - Contrôle continu 1ère - 2020 - Sujet zéro;active;fonction-exponentielle-controle-continu-1ere-2020-sujet-zero;6452001;premiere;1e-fonction-exponentielle;2;exercice-corrige;controle-continu-1ere-2020-sujet-zero;14200020;Première;Contrôle continu;2020;Première 2020 Contrôle continu
11205;Probabilités - Contrôle continu 1ère - 2020 - Sujet zéro;active;probabilites-controle-continu-1ere-2020-sujet-zero;3;premiere;NULL;1;exercice-corrige;controle-continu-1ere-2020-sujet-zero;14200030;Première;Contrôle continu;2020;Première 2020 Contrôle continu
11213;Suites - Contrôle continu 1ère - 2020 - Sujet zéro;active;suites-controle-continu-1ere-2020-sujet-zero;6252001;premiere;1e-suites-arithmetiques-et-geometriques;2;exercice-corrige;controle-continu-1ere-2020-sujet-zero;14200040;Première;Contrôle continu;2020;Première 2020 Contrôle continu
1085;Calcul de rentabilité - Bac ES Amérique du Nord 2008;active;calcul-rentabilite-bac-es-amerique-nord-2008;4;tle-complementaire;tes-exponentielle;2;exercice-corrige;bac-es-amerique-du-nord-2008;15082010;Bac ES/L;Amérique du Nord;2008;Bac ES/L 2008 Amérique du Nord
1854;Révisions Fonctions - Bac ES Amérique du Nord 2008;active;revisions-fonctions-bac-es-amerique-nord-2008;1;tle-complementaire;NULL;2;exercice-corrige;bac-es-amerique-du-nord-2008;15082020;Bac ES/L;Amérique du Nord;2008;Bac ES/L 2008 Amérique du Nord
1856;Arbre -Loi de probabilité-Bac ES Amérique du Nord 2008;active;arbre-loi-probabilite-bac-es-amerique-nord-2008;8652001;tle-complementaire;tc-probabilites-conditionnelles;2;exercice-corrige;bac-es-amerique-du-nord-2008;15082030;Bac ES/L;Amérique du Nord;2008;Bac ES/L 2008 Amérique du Nord
1859;Probabilités - Matrice de transition - Bac ES Amérique du Nord 2008;active;probabilites-matrice-de-transition-bac-es-amerique-du-nord-2008;2;tle-complementaire;NULL;2;NULL;bac-es-amerique-du-nord-2008;15082040;Bac ES/L;Amérique du Nord;2008;Bac ES/L 2008 Amérique du Nord
1878;Lecture graphique-Intégrale-Bac ES Liban 2008;active;lecture-graphique-integrale-bac-es-liban-2008;1;tle-complementaire;NULL;2;NULL;bac-es-liban-2008;15084010;Bac ES/L;Liban;2008;Bac ES/L 2008 Liban
1880;Probabilités-Loi binomiale-Bac ES Liban 2008;active;loi-binomiale-bac-es-liban-2008;8652001;tle-complementaire;tc-probabilites-conditionnelles;2;exercice-corrige;bac-es-liban-2008;15084020;Bac ES/L;Liban;2008;Bac ES/L 2008 Liban
1883;Etude d'une fonction - Economie - Bac ES Liban 2008;active;fonction-economie-bac-es-liban-2008;3;tle-complementaire;NULL;2;NULL;bac-es-liban-2008;15084030;Bac ES/L;Liban;2008;Bac ES/L 2008 Liban
1886;Ajustements affine et logarithmique - Bac ES Liban 2008;active;ajustement-affine-logarithmique-bac-es-liban-2008;4;tle-complementaire;NULL;2;NULL;bac-es-liban-2008;15084040;Bac ES/L;Liban;2008;Bac ES/L 2008 Liban
1152;Matrice de transition - Bac ES Métropole 2008;active;matrice-de-transition-bac-es-metropole-2008;0;tle-complementaire;tes-spe-graphe-probabiliste;2;exercice-corrige;bac-es-metropole-2008;15085010;Bac ES/L;Métropole;2008;Bac ES/L 2008 Métropole
1210;QCM sur les fonctions-Bac ES Métropole 2008;active;qcm-fonctions-bac-es-metropole-2008;0;tle-complementaire;NULL;2;exercice-corrige;bac-es-metropole-2008;15085020;Bac ES/L;Métropole;2008;Bac ES/L 2008 Métropole
1219;Probabilités - Loi binomiale - Bac ES Métropole 2008;active;loi-binomiale-bac-es-metropole-2008-2;0;tle-complementaire;NULL;2;exercice-corrige;bac-es-metropole-2008;15085030;Bac ES/L;Métropole;2008;Bac ES/L 2008 Métropole
1847;Ajustement affine et exponentiel-Bac ES Métropole 2008;active;ajustement-affine-exponentiel-bac-es-metropole-2008;3;tle-complementaire;NULL;2;NULL;bac-es-metropole-2008;15085040;Bac ES/L;Métropole;2008;Bac ES/L 2008 Métropole
1143;Graphes - Trajet minimal - Bac ES Polynésie française 2008;active;graphes-trajet-minimal-bac-es-polynesie-francaise-2008;9702001;tle-expert;tx-graphes;2;en-attente-de-correction;bac-es-polynesie-francaise-2008;15085510;Bac ES/L;Polynésie;2008;Bac ES/L 2008 Polynésie
1893;QCM Lecture graphique - Bac ES Polynésie française 2008;active;qcm-lecture-graphique-bac-es-polynesie-francaise-2008;1;tle-complementaire;NULL;2;NULL;bac-es-polynesie-francaise-2008;15085520;Bac ES/L;Polynésie;2008;Bac ES/L 2008 Polynésie
1896;Probabilités - Loi binomiale - Bac ES Polynésie française 2008;active;loi-binomiale-bac-es-polynesie-francaise-2008;8652001;terminale;tc-probabilites-conditionnelles;2;exercice-corrige;bac-es-polynesie-francaise-2008;15085530;Bac ES/L;Polynésie;2008;Bac ES/L 2008 Polynésie
1900;Ajustement exponentiel - Bac ES Polynésie française 2008;active;ajustement-exponentiel-bac-es-polynesie-francaise-2008;3;tle-complementaire;NULL;2;NULL;bac-es-polynesie-francaise-2008;15085540;Bac ES/L;Polynésie;2008;Bac ES/L 2008 Polynésie
1904;Fonction logarithme - Calcul d'aire - Bac ES Polynésie française 2008;active;logarithme-aire-bac-es-polynesie-francaise-2008;4;tle-complementaire;NULL;2;NULL;bac-es-polynesie-francaise-2008;15085550;Bac ES/L;Polynésie;2008;Bac ES/L 2008 Polynésie
1145;Graphe - Trajet minimal - Bac ES Amérique du Nord 2009;active;graphe-trajet-minimal-bac-es-amerique-nord-2009;9702001;tle-expert;tx-graphes;2;en-attente-de-correction;bac-es-amerique-du-nord-2009;15092010;Bac ES/L;Amérique du Nord;2009;Bac ES/L 2009 Amérique du Nord
1944;Etude de fonctions - Bac ES Amérique du Nord 2009;active;etude-fonction-bac-es-amerique-nord-2009;4;tle-complementaire;NULL;2;NULL;bac-es-amerique-du-nord-2009;15092020;Bac ES/L;Amérique du Nord;2009;Bac ES/L 2009 Amérique du Nord
1951;Simulation - Bac ES Amérique du Nord 2009;active;statistiques-simulation-bac-es-amerique-nord-2009;2;tle-complementaire;NULL;2;NULL;bac-es-amerique-du-nord-2009;15092030;Bac ES/L;Amérique du Nord;2009;Bac ES/L 2009 Amérique du Nord
1955;Ajustement affine et probabilités - Bac ES Amérique du Nord 2009;active;ajustement-affine-probabilites-bac-es-amerique-nord-2009;3;terminale;NULL;2;NULL;bac-es-amerique-du-nord-2009;15092040;Bac ES/L;Amérique du Nord;2009;Bac ES/L 2009 Amérique du Nord
2765;QCM Général-Bac ES Amérique du Nord 2009;active;qcm-general-bac-es-amerique-nord-2009;1;tle-complementaire;NULL;2;NULL;bac-es-amerique-du-nord-2009;15092050;Bac ES/L;Amérique du Nord;2009;Bac ES/L 2009 Amérique du Nord
1176;Matrice de transition - Bac ES Centres étrangers 2009;active;matrice-transition-bac-es-centres-etrangers-2009;2;tle-complementaire;tes-spe-graphe-probabiliste;2;en-attente-de-correction;bac-es-centres-etrangers-2009;15092510;Bac ES/L;Centres Etrangers;2009;Bac ES/L 2009 Centres Etrangers
1968;QCM sur les fonctions - Bac ES Centres étrangers 2009;active;qcm-fonctions-bac-es-centres-etrangers-2009;1;tle-complementaire;NULL;2;NULL;bac-es-centres-etrangers-2009;15092520;Bac ES/L;Centres Etrangers;2009;Bac ES/L 2009 Centres Etrangers
1971;Loi binomiale - Bac ES Centres étrangers 2009;active;loi-binomiale-bac-es-centres-etrangers-2009;8652001;tle-complementaire;tc-probabilites-conditionnelles;2;exercice-corrige;bac-es-centres-etrangers-2009;15092530;Bac ES/L;Centres Etrangers;2009;Bac ES/L 2009 Centres Etrangers
1978;Ajustement affine et exponentiel - Bac ES Centres étrangers 2009;active;ajustement-affine-exponentiel-bac-es-centres-etrangers-2009;3;tle-complementaire;NULL;2;NULL;bac-es-centres-etrangers-2009;15092540;Bac ES/L;Centres Etrangers;2009;Bac ES/L 2009 Centres Etrangers
1981;Etude de fonction Calcul d'aire - Bac ES Centres étrangers 2009;active;etude-fonction-calcul-aire-bac-es-centres-etrangers-2009;4;tle-complementaire;NULL;2;NULL;bac-es-centres-etrangers-2009;15092550;Bac ES/L;Centres Etrangers;2009;Bac ES/L 2009 Centres Etrangers
2437;Suite de fonctions - Bac S Centres étrangers 2009;active;suite-fonctions-bac-s-centres-etrangers-2009;4;terminale;NULL;2;NULL;bac-es-centres-etrangers-2009;15092560;Bac ES/L;Centres Etrangers;2009;Bac ES/L 2009 Centres Etrangers
1947;QCM sur les fonctions - Bac ES Liban 2009;active;qcm-fonctions-bac-es-liban-2009;1;tle-complementaire;NULL;2;NULL;bac-es-liban-2009;15094010;Bac ES/L;Liban;2009;Bac ES/L 2009 Liban
1961;Loi de probabilité - Bac ES Liban 2009;active;loi-de-probabilite-bac-es-liban-2009;8652001;tle-complementaire;tc-probabilites-conditionnelles;2;en-attente-de-correction;bac-es-liban-2009;15094020;Bac ES/L;Liban;2009;Bac ES/L 2009 Liban
1963;Fonction exponentielle Coût marginal - Bac ES Liban 2009;active;fonction-exponentielle-cout-marginal-bac-es-liban-2009;3;tle-complementaire;NULL;2;NULL;bac-es-liban-2009;15094030;Bac ES/L;Liban;2009;Bac ES/L 2009 Liban
1966;Fonction de deux variables - Bac ES Liban 2009;active;fonction-deux-variables-bac-es-liban-2009;4;tle-complementaire;NULL;2;NULL;bac-es-liban-2009;15094040;Bac ES/L;Liban;2009;Bac ES/L 2009 Liban
2771;Ajustement exponentiel - Bac ES Liban 2009;active;ajustement-exponentiel-bac-es-liban-2009;4;tle-complementaire;NULL;2;NULL;bac-es-liban-2009;15094050;Bac ES/L;Liban;2009;Bac ES/L 2009 Liban
1139;Graphes Algorithme de Dijkstra - Bac ES Métropole 2009;active;graphes-algorithme-dijkstra-bac-es-metropole-2009;9702001;tle-expert;tx-graphes;2;exercice-corrige;bac-es-metropole-2009;15095010;Bac ES/L;Métropole;2009;Bac ES/L 2009 Métropole
1909;Ajustement affine-Bac ES Métropole 2009;active;ajustement-affine-bac-es-metropole-2009;1;tle-complementaire;NULL;2;NULL;bac-es-metropole-2009;15095020;Bac ES/L;Métropole;2009;Bac ES/L 2009 Métropole
1913;Logarithmes - Bac ES Métropole 2009;active;lecture-graphique-logarithme-bac-es-metropole-2009;2;tle-complementaire;NULL;2;exercice-corrige;bac-es-metropole-2009;15095030;Bac ES/L;Métropole;2009;Bac ES/L 2009 Métropole
1925;Étude d'une fonction - Application économique - Bac ES Métropole 2009;active;fonction-application-economique-bac-es-metropole-2009;4;tle-complementaire;NULL;2;exercice-corrige;bac-es-metropole-2009;15095040;Bac ES/L;Métropole;2009;Bac ES/L 2009 Métropole
1931;Probabilités Loi binomiale - Bac ES Pondichéry 2009;active;probabilites-loi-binomiale-bac-es-pondichery-2009;8652001;tle-complementaire;tc-probabilites-conditionnelles;2;exercice-corrige;bac-es-metropole-2009;15095050;Bac ES/L;Métropole;2009;Bac ES/L 2009 Métropole
1148;Graphes Trajet minimal - Bac ES Pondichéry 2009;active;graphes-trajet-minimal-bac-es-pondichery-2009;9702001;tle-expert;tx-graphes;2;exercice-corrige;bac-es-pondichery-2009;15096010;Bac ES/L;Pondichéry;2009;Bac ES/L 2009 Pondichéry
1936;Ajustement affine-Bac ES Pondichéry 2009;active;ajustement-affine-bac-es-pondichery-2009;2;tle-complementaire;NULL;2;exercice-corrige;bac-es-pondichery-2009;15096020;Bac ES/L;Pondichéry;2009;Bac ES/L 2009 Pondichéry
2758;Lecture graphique Etude de fonction - Bac ES Pondichéry 2009;active;lecture-graphique-etude-fonction-bac-es-pondichery-2009;3;tle-complementaire;NULL;2;exercice-corrige;bac-es-pondichery-2009;15096030;Bac ES/L;Pondichéry;2009;Bac ES/L 2009 Pondichéry
1985;Probabilités Arbre - Bac ES Pondichéry 2011;active;arbre-bac-es-pondichery-2011;8652001;tle-complementaire;tc-probabilites-conditionnelles;2;exercice-corrige;bac-es-pondichery-2011;15116010;Bac ES/L;Pondichéry;2011;Bac ES/L 2011 Pondichéry
1991;Etude de fonctions - Bac ES Pondichéry 2011;active;fonctions-bac-es-pondichery-2011;2;tle-complementaire;NULL;2;exercice-corrige;bac-es-pondichery-2011;15116020;Bac ES/L;Pondichéry;2011;Bac ES/L 2011 Pondichéry
1995;Matrice de transition - Bac ES Pondichéry 2011;active;matrice-de-transition-bac-es-pondichery-2011;3;tle-complementaire;NULL;2;NULL;bac-es-pondichery-2011;15116030;Bac ES/L;Pondichéry;2011;Bac ES/L 2011 Pondichéry
2000;Recherche du bénéfice maximal - Bac ES Pondichéry 2011;active;benefice-maximal-bac-es-pondichery-2011;8602001;tle-complementaire;tc-logarithme-neperien;2;en-attente-de-correction;bac-es-pondichery-2011;15116040;Bac ES/L;Pondichéry;2011;Bac ES/L 2011 Pondichéry
2004;Pourcentages Ajustement affine - Bac ES Métropole 2012;active;pourcentages-ajustement-bac-es-metropole-2012;1;tle-complementaire;NULL;2;NULL;bac-es-metropole-2012;15125010;Bac ES/L;Métropole;2012;Bac ES/L 2012 Métropole
2008;Probabilités et pourcentages - Bac ES Métropole 2012;active;probabilites-et-pourcentages-bac-es-metropole-2012;8652001;tle-complementaire;tc-probabilites-conditionnelles;2;en-attente-de-correction;bac-es-metropole-2012;15125020;Bac ES/L;Métropole;2012;Bac ES/L 2012 Métropole
2011;QCM Fonctions - Bac ES Métropole 2012;active;qcm-fonctions-bac-es-metropole-2012;3;tle-complementaire;NULL;2;NULL;bac-es-metropole-2012;15125030;Bac ES/L;Métropole;2012;Bac ES/L 2012 Métropole
2014;Etude de bénéfice - Bac ES Métropole 2012;active;etude-benefice-bac-es-metropole-2012;4;tle-complementaire;NULL;2;NULL;bac-es-metropole-2012;15125040;Bac ES/L;Métropole;2012;Bac ES/L 2012 Métropole
2066;QCM - Bac ES/L Amérique du Nord 2013;active;qcm-bac-es-amerique-nord-2013;1;tle-complementaire;NULL;2;NULL;bac-esl-amerique-du-nord-2013;15132010;Bac ES/L;Amérique du Nord;2013;Bac ES/L 2013 Amérique du Nord
2068;Probabilités - Bac ES/L Amérique du Nord 2013;active;probabilites-bac-es-amerique-nord-2013;2;tle-complementaire;NULL;2;NULL;bac-esl-amerique-du-nord-2013;15132020;Bac ES/L;Amérique du Nord;2013;Bac ES/L 2013 Amérique du Nord
2071;Suites arithmético-géométrique - Bac ES/L Amérique du Nord 2013;active;suites-bac-es-amerique-nord-2013;8202001;tle-complementaire;tc-suites;2;exercice-corrige;bac-esl-amerique-du-nord-2013;15132030;Bac ES/L;Amérique du Nord;2013;Bac ES/L 2013 Amérique du Nord
2076;Exponentielle - Bac ES/L Amérique du Nord 2013;active;exponentielle-bac-es-amerique-nord-2013;4;tle-complementaire;NULL;2;NULL;bac-esl-amerique-du-nord-2013;15132040;Bac ES/L;Amérique du Nord;2013;Bac ES/L 2013 Amérique du Nord
2101;QCM Suites - Bac ES/L Centres étrangers 2013;active;qcm-suites-bac-es-centres-etrangers-2013;8202001;tle-complementaire;tc-suites;2;exercice-corrige;bac-esl-centres-etrangers-2013;15132510;Bac ES/L;Centres Etrangers;2013;Bac ES/L 2013 Centres Etrangers
2104;Probabilités - Bac ES/L Centres étrangers 2013;active;probabilites-bac-es-centres-etrangers-2013;8652001;tle-complementaire;tc-probabilites-conditionnelles;2;en-attente-de-correction;bac-esl-centres-etrangers-2013;15132520;Bac ES/L;Centres Etrangers;2013;Bac ES/L 2013 Centres Etrangers
2107;Fonctions - Convexité - Bac ES/L Centres étrangers 2013;active;fonction-convexe-bac-es-centres-etrangers-2013;8402001;tle-complementaire;tc-derivees-convexite;2;en-attente-de-correction;bac-esl-centres-etrangers-2013;15132530;Bac ES/L;Centres Etrangers;2013;Bac ES/L 2013 Centres Etrangers
2110;Lois continues - Bac ES/L Centres étrangers 2013;active;lois-continues-bac-es-centres-etrangers-2013;8702001;tle-complementaire;tc-lois-a-densite;2;en-attente-de-correction;bac-esl-centres-etrangers-2013;15132540;Bac ES/L;Centres Etrangers;2013;Bac ES/L 2013 Centres Etrangers
2051;QCM - Bac ES/L Liban 2013;active;qcm-bac-es-liban-2013;1;tle-complementaire;NULL;2;NULL;bac-esl-liban-2013;15134010;Bac ES/L;Liban;2013;Bac ES/L 2013 Liban
2054;Suites arithmético-géométrique - Bac ES/L Liban 2013;active;suites-bac-es-liban-2013;8202001;tle-complementaire;tc-suites;2;en-attente-de-correction;bac-esl-liban-2013;15134020;Bac ES/L;Liban;2013;Bac ES/L 2013 Liban
2061;Fonctions - Bac ES/L Liban 2013;active;fonctions-bac-es-liban-2013;3;tle-complementaire;NULL;2;NULL;bac-esl-liban-2013;15134030;Bac ES/L;Liban;2013;Bac ES/L 2013 Liban
2063;Probabilités - Bac ES/L Liban 2013;active;probabilites-bac-es-liban-2013;8652001;tle-complementaire;tc-probabilites-conditionnelles;2;exercice-corrige;bac-esl-liban-2013;15134040;Bac ES/L;Liban;2013;Bac ES/L 2013 Liban
2113;Probabilités - Bac ES/L Métropole 2013;active;probabilites-bac-es-metropole-2013;1;tle-complementaire;NULL;2;NULL;bac-esl-metropole-2013;15135010;Bac ES/L;Métropole;2013;Bac ES/L 2013 Métropole
2116;QCM - Bac ES/L Métropole 2013;active;qcm-bac-es-metropole-2013;2;tle-complementaire;NULL;2;NULL;bac-esl-metropole-2013;15135020;Bac ES/L;Métropole;2013;Bac ES/L 2013 Métropole
2121;Fonction exponentielle - Bac ES/L Métropole 2013;active;fonctions-bac-es-metropole-2013;3;tle-complementaire;tes-exponentielle;2;exercice-corrige;bac-esl-metropole-2013;15135030;Bac ES/L;Métropole;2013;Bac ES/L 2013 Métropole
2123;Fonctions - Estimations - Bac ES/L Métropole 2013;active;fonctions-bac-es-metropole-2013-2;4;tle-complementaire;NULL;1;NULL;bac-esl-metropole-2013;15135040;Bac ES/L;Métropole;2013;Bac ES/L 2013 Métropole
2080;QCM - Bac ES/L Polynésie 2013;active;qcm-bac-es-polynesie-2013;1;tle-complementaire;NULL;2;NULL;bac-esl-polynesie-2013;15135510;Bac ES/L;Polynésie;2013;Bac ES/L 2013 Polynésie
2082;Probabilités - Bac ES/L Polynésie 2013;active;probabilites-bac-es-polynesie-2013;8652001;tle-complementaire;tc-probabilites-conditionnelles;2;en-attente-de-correction;bac-esl-polynesie-2013;15135520;Bac ES/L;Polynésie;2013;Bac ES/L 2013 Polynésie
2086;Probabilités - Bac ES/L Polynésie 2013 (Spé);active;probabilites-bac-es-spe-polynesie-2013;2;tle-complementaire;NULL;2;NULL;bac-esl-polynesie-2013;15135530;Bac ES/L;Polynésie;2013;Bac ES/L 2013 Polynésie
2093;Suites - Bac ES/L Polynésie 2013;active;suites-bac-es-polynesie-2013;8202001;tle-complementaire;tc-suites;2;en-attente-de-correction;bac-esl-polynesie-2013;15135540;Bac ES/L;Polynésie;2013;Bac ES/L 2013 Polynésie
2098;Loi normale - Bac ES/L Polynésie 2013;active;loi-normale-bac-es-polynesie-2013;8702001;tle-complementaire;tc-lois-a-densite;2;en-attente-de-correction;bac-esl-polynesie-2013;15135550;Bac ES/L;Polynésie;2013;Bac ES/L 2013 Polynésie
2032;QCM - Bac ES/L Pondichéry 2013;active;qcm-bac-es-pondichery-2013;1;tle-complementaire;NULL;2;exercice-corrige;bac-esl-pondichery-2013;15136010;Bac ES/L;Pondichéry;2013;Bac ES/L 2013 Pondichéry
2034;Probabilités - Bac ES/L Pondichéry 2013;active;probabilites-bac-es-pondichery-2013;8652001;tle-complementaire;tc-probabilites-conditionnelles;2;exercice-corrige;bac-esl-pondichery-2013;15136020;Bac ES/L;Pondichéry;2013;Bac ES/L 2013 Pondichéry
2044;Fonctions - Loi normale  - Bac ES/L Pondichéry 2013;active;fonctions-loi-normale-bac-es-pondichery-2013;4;tle-complementaire;NULL;2;exercice-corrige;bac-esl-pondichery-2013;15136030;Bac ES/L;Pondichéry;2013;Bac ES/L 2013 Pondichéry
2153;QCM Fonctions - Bac ES/L Amérique du Nord 2014;active;qcm-bac-es-amerique-nord-2014;1;tle-complementaire;NULL;2;NULL;bac-esl-amerique-du-nord-2014;15142010;Bac ES/L;Amérique du Nord;2014;Bac ES/L 2014 Amérique du Nord
2158;Probabilités - Bac ES/L Amérique du Nord 2014;active;probabilites-bac-es-amerique-nord-2014;2;tle-complementaire;NULL;2;NULL;bac-esl-amerique-du-nord-2014;15142020;Bac ES/L;Amérique du Nord;2014;Bac ES/L 2014 Amérique du Nord
2160;Logarithme - Bac ES/L Amérique du Nord 2014;active;fonctions-bac-es-amerique-nord-2014;3;tle-complementaire;NULL;2;NULL;bac-esl-amerique-du-nord-2014;15142030;Bac ES/L;Amérique du Nord;2014;Bac ES/L 2014 Amérique du Nord
2163;Suites - Bac ES/L Amérique du Nord 2014;active;suites-bac-es-amerique-nord-2014;8202001;tle-complementaire;tc-suites;2;en-attente-de-correction;bac-esl-amerique-du-nord-2014;15142040;Bac ES/L;Amérique du Nord;2014;Bac ES/L 2014 Amérique du Nord
2168;Probabilités - Bac ES/L Centres étrangers 2014;active;probabilites-bac-es-centres-etrangers-2014;1;tle-complementaire;NULL;2;NULL;bac-esl-centres-etrangers-2014;15142510;Bac ES/L;Centres Etrangers;2014;Bac ES/L 2014 Centres Etrangers
2170;Fonctions - Bac ES/L Centres étrangers 2014;active;fonctions-bac-es-centres-etrangers-2014;2;tle-complementaire;NULL;2;NULL;bac-esl-centres-etrangers-2014;15142520;Bac ES/L;Centres Etrangers;2014;Bac ES/L 2014 Centres Etrangers
2175;Suites et algorithmes - Bac ES/L Centres étrangers 2014;active;suites-bac-es-centres-etrangers-2014;8202001;tle-complementaire;tc-suites;2;en-attente-de-correction;bac-esl-centres-etrangers-2014;15142530;Bac ES/L;Centres Etrangers;2014;Bac ES/L 2014 Centres Etrangers
2178;QCM Probabilités - Bac ES/L Centres étrangers 2014;active;qcm-bac-es-centres-etrangers-2014;4;tle-complementaire;NULL;2;NULL;bac-esl-centres-etrangers-2014;15142540;Bac ES/L;Centres Etrangers;2014;Bac ES/L 2014 Centres Etrangers
2191;QCM - Bac ES/L Métropole 2014;active;qcm-bac-es-metropole-2014;1;tle-complementaire;NULL;2;exercice-corrige;bac-esl-metropole-2014;15145010;Bac ES/L;Métropole;2014;Bac ES/L 2014 Métropole
2194;Suites - Bac ES/L Métropole 2014;active;suites-bac-es-metropole-2014;8202001;tle-complementaire;tc-suites;2;exercice-corrige;bac-esl-metropole-2014;15145020;Bac ES/L;Métropole;2014;Bac ES/L 2014 Métropole
2202;Probabilités - Bac ES/L Métropole 2014;active;probabilites-bac-esl-metropole-2014;3;tle-complementaire;NULL;2;exercice-corrige;bac-esl-metropole-2014;15145030;Bac ES/L;Métropole;2014;Bac ES/L 2014 Métropole
2206;Fonctions - Bac ES/L Métropole 2014;active;fonctions-bac-es-metropole-2014;4;tle-complementaire;NULL;2;exercice-corrige;bac-esl-metropole-2014;15145040;Bac ES/L;Métropole;2014;Bac ES/L 2014 Métropole
2716;Matrices de transition (spé) - Bac ES Métropole 2014;active;matrices-spe-bac-es-metropole-2014;2;tle-complementaire;NULL;2;NULL;bac-esl-metropole-2014;15145050;Bac ES/L;Métropole;2014;Bac ES/L 2014 Métropole
2181;Probabilités - Bac ES/L Polynésie 2014;active;probabilites-bac-es-polynesie-2014;1;tle-complementaire;NULL;2;NULL;bac-esl-polynesie-2014;15145510;Bac ES/L;Polynésie;2014;Bac ES/L 2014 Polynésie
2183;Fonctions - Bac ES/L Polynésie 2014;active;fonctions-bac-es-polynesie-2014;2;tle-complementaire;NULL;2;NULL;bac-esl-polynesie-2014;15145520;Bac ES/L;Polynésie;2014;Bac ES/L 2014 Polynésie
2189;Fonctions-Intégrales - Bac ES/L Polynésie 2014;active;fonctions-integrales-bac-es-polynesie-2014;8502001;tle-complementaire;tc-integrales;2;en-attente-de-correction;bac-esl-polynesie-2014;15145530;Bac ES/L;Polynésie;2014;Bac ES/L 2014 Polynésie
2129;Vrai-Faux - Bac ES/L Pondichéry 2014;active;vrai-faux-bac-es-pondichery-2014;1;tle-complementaire;NULL;2;NULL;bac-esl-pondichery-2014;15146010;Bac ES/L;Pondichéry;2014;Bac ES/L 2014 Pondichéry
2132;Suites - Bac ES/L Pondichéry 2014;active;suites-bac-es-pondichery-2014;8202001;tle-complementaire;tc-suites;2;en-attente-de-correction;bac-esl-pondichery-2014;15146020;Bac ES/L;Pondichéry;2014;Bac ES/L 2014 Pondichéry
2135;Suites-Matrices (spé) - Bac ES/L Pondichéry 2014;active;suites-spe-bac-es-pondichery-2014;2;tle-complementaire;NULL;2;NULL;bac-esl-pondichery-2014;15146030;Bac ES/L;Pondichéry;2014;Bac ES/L 2014 Pondichéry
2142;Probabilités - Bac ES/L Pondichéry 2014;active;probabilites-bac-es-pondichery-2014;3;tle-complementaire;NULL;2;NULL;bac-esl-pondichery-2014;15146040;Bac ES/L;Pondichéry;2014;Bac ES/L 2014 Pondichéry
2145;Fonctions - Bac ES/L Pondichéry 2014;active;fonctions-bac-es-pondichery-2014;4;tle-complementaire;NULL;2;NULL;bac-esl-pondichery-2014;15146050;Bac ES/L;Pondichéry;2014;Bac ES/L 2014 Pondichéry
2185;Suites - Bac ES/L Polynésie 2014;active;suites-bac-es-polynesie-2014;8202001;tle-complementaire;tc-suites;2;en-attente-de-correction;bac-esl-pondichery-2014;15146060;Bac ES/L;Pondichéry;2014;Bac ES/L 2014 Pondichéry
3434;Probabilités - Bac ES/L Métropole 2015;active;probabilites-bac-esl-metropole-2015;1;tle-complementaire;NULL;2;NULL;bac-esl-metropole-2015;15155010;Bac ES/L;Métropole;2015;Bac ES/L 2015 Métropole
3443;Positions relatives - Bac ES/L Métropole 2015;active;fonction-logarithme-bac-esl-metropole-2015;7403001;terminale;te-logarithme-neperien;3;exercice-corrige;bac-esl-metropole-2015;15155020;Bac ES/L;Métropole;2015;Bac ES/L 2015 Métropole
3445;Fonction exponentielle - Bac ES/L Métropole 2015;active;fonction-exponentielle-bac-esl-metropole-2015;3;tle-complementaire;NULL;2;NULL;bac-esl-metropole-2015;15155030;Bac ES/L;Métropole;2015;Bac ES/L 2015 Métropole
6070;QCM – Bac ES/L Métropole Réunion 2016;active;qcm-bac-esl-metropole-reunion-2016;0;tle-complementaire;NULL;2;exercice-corrige;bac-esl-metropole-2016;15165010;Bac ES/L;Métropole;2016;Bac ES/L 2016 Métropole
6097;Suites – Bac ES/L Métropole Réunion 2016;active;suites-bac-esl-metropole-reunion-2016;8202001;tle-complementaire;tc-suites;2;en-attente-de-correction;bac-esl-metropole-2016;15165020;Bac ES/L;Métropole;2016;Bac ES/L 2016 Métropole
6109;Probabilités – Bac ES/L Métropole Réunion 2016;active;probabilites-bac-esl-metropole-reunion-2016;8701001;tle-complementaire;tc-lois-a-densite;1;en-attente-de-correction;bac-esl-metropole-2016;15165030;Bac ES/L;Métropole;2016;Bac ES/L 2016 Métropole
6116;Logarithme – Bac ES/L Métropole Réunion 2016;active;logarithme-bac-esl-metropole-reunion-2016;8602001;tle-complementaire;tc-logarithme-neperien;2;exercice-corrige;bac-esl-metropole-2016;15165040;Bac ES/L;Métropole;2016;Bac ES/L 2016 Métropole
10381;QCM - Bac blanc ES/L Sujet 1 - Maths-cours 2018;active;qcm-bac-blanc-es-l-sujet-1-maths-cours-2018;1;tle-complementaire;NULL;2;exercice-corrige;bac-blanc-es-l-sujet-1-maths-cours-2018;15181110;Bac ES/L;Bac blanc ES/L;2018;Bac ES/L 2018 Bac blanc ES/L
10394;Fonctions - Bac blanc ES/L Sujet 1 - Maths-cours 2018;active;fonctions-bac-blanc-es-l-sujet-1-maths-cours-2018;2;obsolete;1erees-derivees;2;exercice-corrige;bac-blanc-es-l-sujet-1-maths-cours-2018;15181120;Bac ES/L;Bac blanc ES/L;2018;Bac ES/L 2018 Bac blanc ES/L
10405;Suites - Bac blanc ES/L Sujet 1 - Maths-cours 2018;active;suites-bac-blanc-es-l-sujet-1-maths-cours-2018;3;obsolete;1erees-suites-arithmetiques-et-geometriques;2;exercice-corrige;bac-blanc-es-l-sujet-1-maths-cours-2018;15181130;Bac ES/L;Bac blanc ES/L;2018;Bac ES/L 2018 Bac blanc ES/L
10412;Probabilités - Bac blanc ES/L Sujet 1 - Maths-cours 2018;active;probabilites-bac-blanc-es-l-sujet-1-maths-cours-2018;8672001;tle-complementaire;tc-loi-binomiale;2;exercice-corrige;bac-blanc-es-l-sujet-1-maths-cours-2018;15181140;Bac ES/L;Bac blanc ES/L;2018;Bac ES/L 2018 Bac blanc ES/L
10428;Graphes - Bac blanc ES Sujet 1 - Maths-cours 2018 (spé);active;graphes-bac-blanc-es-sujet-1-maths-cours-2018-spe;9702001;tle-expert;tx-graphes;2;exercice-corrige;bac-blanc-es-l-sujet-1-maths-cours-2018;15181150;Bac ES/L;Bac blanc ES/L;2018;Bac ES/L 2018 Bac blanc ES/L
10437;QCM - Bac blanc ES/L Sujet 2 - Maths-cours 2018;active;qcm-bac-blanc-es-l-sujet-2-maths-cours-2018;1;tle-complementaire;NULL;2;exercice-corrige;bac-blanc-es-l-sujet-2-maths-cours-2018;15181210;Bac ES/L;Bac blanc ES/L;2018;Bac ES/L 2018 Bac blanc ES/L
10442;Pourcentages - Fonctions - Bac blanc ES/L Sujet 2 - Maths-cours 2018;active;pourcentages-fonctions-bac-blanc-es-l-sujet-2-maths-cours-2018;2;obsolete;1erees-derivees;2;exercice-corrige;bac-blanc-es-l-sujet-2-maths-cours-2018;15181220;Bac ES/L;Bac blanc ES/L;2018;Bac ES/L 2018 Bac blanc ES/L
10448;Probabilités - Bac blanc ES/L Sujet 2 - Maths-cours 2018;active;probabilites-bac-blanc-es-l-sujet-2-maths-cours-2018;8652001;tle-complementaire;tc-probabilites-conditionnelles;2;exercice-corrige;bac-blanc-es-l-sujet-2-maths-cours-2018;15181230;Bac ES/L;Bac blanc ES/L;2018;Bac ES/L 2018 Bac blanc ES/L
10455;Suites - Bac blanc ES/L Sujet 2 - Maths-cours 2018;active;suites-bac-blanc-es-l-sujet-2-maths-cours-2018;8202001;tle-complementaire;tc-suites;2;exercice-corrige;bac-blanc-es-l-sujet-2-maths-cours-2018;15181240;Bac ES/L;Bac blanc ES/L;2018;Bac ES/L 2018 Bac blanc ES/L
10457;Graphes - Bac blanc ES Sujet 2 - Maths-cours 2018 (spé);active;graphes-bac-blanc-es-sujet-2-maths-cours-2018-spe;9702001;tle-expert;tx-graphes;2;exercice-corrige;bac-blanc-es-l-sujet-2-maths-cours-2018;15181250;Bac ES/L;Bac blanc ES/L;2018;Bac ES/L 2018 Bac blanc ES/L
10469;Suites - Bac blanc ES/L Sujet 3 - Maths-cours 2018;active;suites-bac-blanc-es-l-sujet-3-maths-cours-2018;8202001;tle-complementaire;tc-suites;2;exercice-corrige;bac-blanc-es-l-sujet-3-maths-cours-2018;15181310;Bac ES/L;Bac blanc ES/L;2018;Bac ES/L 2018 Bac blanc ES/L
10473;Coût marginal - Bac blanc ES/L Sujet 3 - Maths-cours 2018;active;cout-marginal-bac-blanc-es-l-sujet-3-maths-cours-2018;1;tle-complementaire;NULL;2;exercice-corrige;bac-blanc-es-l-sujet-3-maths-cours-2018;15181320;Bac ES/L;Bac blanc ES/L;2018;Bac ES/L 2018 Bac blanc ES/L
10475;Fonction exponentielle - Bac blanc ES/L Sujet 3 - Maths-cours 2018;active;fonction-exponentielle-bac-blanc-es-l-sujet-3-maths-cours-2018;3;tle-complementaire;tes-exponentielle;2;exercice-corrige;bac-blanc-es-l-sujet-3-maths-cours-2018;15181330;Bac ES/L;Bac blanc ES/L;2018;Bac ES/L 2018 Bac blanc ES/L
10477;Probabilités - Bac blanc ES/L Sujet 3 - Maths-cours 2018;active;probabilites-bac-blanc-es-l-sujet-3-maths-cours-2018;8653001;tle-complementaire;tc-probabilites-conditionnelles;3;exercice-corrige;bac-blanc-es-l-sujet-3-maths-cours-2018;15181340;Bac ES/L;Bac blanc ES/L;2018;Bac ES/L 2018 Bac blanc ES/L
10479;Graphes - Bac blanc ES/L Sujet 3 - Maths-cours 2018 (spé);active;graphes-bac-blanc-es-l-sujet-3-maths-cours-2018-spe;9702001;tle-expert;tx-graphes;2;exercice-corrige;bac-blanc-es-l-sujet-3-maths-cours-2018;15181350;Bac ES/L;Bac blanc ES/L;2018;Bac ES/L 2018 Bac blanc ES/L
10499;QCM - Bac blanc ES/L Sujet 4 - Maths-cours 2018;active;qcm-bac-blanc-es-l-sujet-4-maths-cours-2018;1;tle-complementaire;NULL;2;exercice-corrige;bac-blanc-es-l-sujet-4-maths-cours-2018;15181410;Bac ES/L;Bac blanc ES/L;2018;Bac ES/L 2018 Bac blanc ES/L
10501;Probabilités - Bac blanc ES/L Sujet 4 - Maths-cours 2018;active;probabilites-bac-blanc-es-l-sujet-4-maths-cours-2018;2;tle-complementaire;NULL;2;exercice-corrige;bac-blanc-es-l-sujet-4-maths-cours-2018;15181420;Bac ES/L;Bac blanc ES/L;2018;Bac ES/L 2018 Bac blanc ES/L
10503;Fonctions et intégrales - Bac blanc ES/L Sujet 4 - Maths-cours 2018;active;fonctions-et-integrales-bac-blanc-es-l-sujet-4-maths-cours-2018;8502001;tle-complementaire;tc-integrales;2;exercice-corrige;bac-blanc-es-l-sujet-4-maths-cours-2018;15181430;Bac ES/L;Bac blanc ES/L;2018;Bac ES/L 2018 Bac blanc ES/L
10505;Suites - Bac blanc ES/L Sujet 4 - Maths-cours 2018;active;suites-bac-blanc-es-l-sujet-4-maths-cours-2018;8202001;tle-complementaire;tc-suites;2;exercice-corrige;bac-blanc-es-l-sujet-4-maths-cours-2018;15181440;Bac ES/L;Bac blanc ES/L;2018;Bac ES/L 2018 Bac blanc ES/L
10508;Matrices - Bac blanc ES/L Sujet 4 - Maths-cours 2018 (spé);active;matrices-bac-blanc-es-l-sujet-4-maths-cours-2018-spe;3;tle-complementaire;tes-spe-graphe-probabiliste;2;exercice-corrige;bac-blanc-es-l-sujet-4-maths-cours-2018;15181450;Bac ES/L;Bac blanc ES/L;2018;Bac ES/L 2018 Bac blanc ES/L
10549;Loi normale - Estimation - Bac blanc ES/L Sujet 5 - Maths-cours 2018;active;loi-normale-estimation-bac-blanc-es-l-sujet-5-maths-cours-2018;1;tle-complementaire;NULL;2;exercice-corrige;bac-blanc-es-l-sujet-5-maths-cours-2018;15181510;Bac ES/L;Bac blanc ES/L;2018;Bac ES/L 2018 Bac blanc ES/L
10552;QCM Fonctions - Bac blanc ES/L Sujet 5 - Maths-cours 2018;active;qcm-fonctions-bac-blanc-es-l-sujet-5-maths-cours-2018;2;tle-complementaire;NULL;2;exercice-corrige;bac-blanc-es-l-sujet-5-maths-cours-2018;15181520;Bac ES/L;Bac blanc ES/L;2018;Bac ES/L 2018 Bac blanc ES/L
10554;Fonctions et intégrales - Bac blanc ES/L Sujet 5 - Maths-cours 2018;active;fonctions-et-integrales-bac-blanc-es-l-sujet-5-maths-cours-2018;3;tle-complementaire;NULL;2;exercice-corrige;bac-blanc-es-l-sujet-5-maths-cours-2018;15181530;Bac ES/L;Bac blanc ES/L;2018;Bac ES/L 2018 Bac blanc ES/L
10556;Suites et algorithmes - Bac blanc ES/L Sujet 5 - Maths-cours 2018;active;suites-et-algorithmes-bac-blanc-es-l-sujet-5-maths-cours-2018;4;tle-complementaire;NULL;2;exercice-corrige;bac-blanc-es-l-sujet-5-maths-cours-2018;15181540;Bac ES/L;Bac blanc ES/L;2018;Bac ES/L 2018 Bac blanc ES/L
10559;Graphes probabilistes - Bac blanc ES Sujet 5 - Maths-cours 2018 (spé);active;graphes-probabilistes-bac-blanc-es-l-sujet-5-maths-cours-2018-spe;2;tle-complementaire;tes-spe-graphe-probabiliste;2;exercice-corrige;bac-blanc-es-l-sujet-5-maths-cours-2018;15181550;Bac ES/L;Bac blanc ES/L;2018;Bac ES/L 2018 Bac blanc ES/L
10590;QCM - Bac blanc ES/L Sujet 6 - Maths-cours 2018;active;qcm-bac-blanc-es-l-sujet-6-maths-cours-2018;1;tle-complementaire;NULL;2;exercice-corrige;bac-blanc-es-l-sujet-6-maths-cours-2018;15181610;Bac ES/L;Bac blanc ES/L;2018;Bac ES/L 2018 Bac blanc ES/L
10592;Probabilités et suites - Bac blanc ES/L Sujet 6 - Maths-cours 2018;active;probabilites-et-suites-bac-blanc-es-l-sujet-6-maths-cours-2018;2;tle-complementaire;NULL;2;exercice-corrige;bac-blanc-es-l-sujet-6-maths-cours-2018;15181620;Bac ES/L;Bac blanc ES/L;2018;Bac ES/L 2018 Bac blanc ES/L
10594;Loi normales - Intervalle de confiance - Bac blanc ES/L Sujet 6 - Maths-cours 2018;active;loi-normales-intervalle-de-confiance-bac-blanc-es-l-sujet-6-maths-cours-2018;3;tle-complementaire;NULL;2;exercice-corrige;bac-blanc-es-l-sujet-6-maths-cours-2018;15181630;Bac ES/L;Bac blanc ES/L;2018;Bac ES/L 2018 Bac blanc ES/L
10597;Fonctions - Bac blanc ES/L Sujet 6 - Maths-cours 2018;active;fonctions-bac-blanc-es-l-sujet-6-maths-cours-2018;4;tle-complementaire;NULL;2;exercice-corrige;bac-blanc-es-l-sujet-6-maths-cours-2018;15181640;Bac ES/L;Bac blanc ES/L;2018;Bac ES/L 2018 Bac blanc ES/L
10600;Graphes probabilistes - Bac blanc ES Sujet 6 - Maths-cours 2018 (spé);active;graphes-probabilistes-bac-blanc-es-sujet-6-maths-cours-2018-spe;4;tle-complementaire;NULL;2;exercice-corrige;bac-blanc-es-l-sujet-6-maths-cours-2018;15181650;Bac ES/L;Bac blanc ES/L;2018;Bac ES/L 2018 Bac blanc ES/L
7864;Probabilités - Bac ES/L Amérique du Nord  2018;active;probabilites-bac-es-l-amerique-du-nord-2018;2;tle-complementaire;NULL;2;en-attente-de-correction;bac-es-l-amerique-du-nord-2018;15182010;Bac ES/L;Amérique du Nord;2018;Bac ES/L 2018 Amérique du Nord
7879;Suites - Bac ES/L Amérique du Nord  2018;active;suites-bac-es-l-amerique-du-nord-2018;3;tle-complementaire;NULL;2;en-attente-de-correction;bac-es-l-amerique-du-nord-2018;15182020;Bac ES/L;Amérique du Nord;2018;Bac ES/L 2018 Amérique du Nord
7887;Graphes probabilistes - Bac ES/L Amérique du Nord  2018;active;graphes-probabilistes-bac-es-l-amerique-du-nord-2018;1;tle-complementaire;NULL;2;en-attente-de-correction;bac-es-l-amerique-du-nord-2018;15182030;Bac ES/L;Amérique du Nord;2018;Bac ES/L 2018 Amérique du Nord
7892;Fonctions - Bac ES/L Amérique du Nord  2018;active;fonctions-bac-es-l-amerique-du-nord-2018;4;tle-complementaire;NULL;2;en-attente-de-correction;bac-es-l-amerique-du-nord-2018;15182040;Bac ES/L;Amérique du Nord;2018;Bac ES/L 2018 Amérique du Nord
8643;QCM - Bac ES/L Centres étrangers 2018;active;qcm-bac-es-l-centres-etrangers-2018;1;tle-complementaire;NULL;2;en-attente-de-correction;bac-es-l-centres-etrangers-2018;15182510;Bac ES/L;Centres Etrangers;2018;Bac ES/L 2018 Centres Etrangers
8649;Suites - Bac ES/L Centres étrangers 2018;active;suites-bac-es-l-centres-etrangers-2018;2;tle-complementaire;NULL;2;en-attente-de-correction;bac-es-l-centres-etrangers-2018;15182520;Bac ES/L;Centres Etrangers;2018;Bac ES/L 2018 Centres Etrangers
8660;Probabilités - Bac ES/L Centres étrangers 2018;active;probabilites-bac-es-l-centres-etrangers-2018;3;tle-complementaire;NULL;2;en-attente-de-correction;bac-es-l-centres-etrangers-2018;15182530;Bac ES/L;Centres Etrangers;2018;Bac ES/L 2018 Centres Etrangers
8664;Fonctions - Bac ES/L Centres étrangers 2018;active;fonctions-bac-es-l-centres-etrangers-2018;4;tle-complementaire;NULL;2;en-attente-de-correction;bac-es-l-centres-etrangers-2018;15182540;Bac ES/L;Centres Etrangers;2018;Bac ES/L 2018 Centres Etrangers
8683;Graphes probabilistes - Bac ES/L Centres étrangers  2018 (spé);active;graphes-probabilistes-bac-es-l-centres-etrangers-2018-spe;2;tle-complementaire;NULL;2;en-attente-de-correction;bac-es-l-centres-etrangers-2018;15182550;Bac ES/L;Centres Etrangers;2018;Bac ES/L 2018 Centres Etrangers
9102;QCM - Bac ES/L Antilles-Guyane 2018;active;qcm-bac-es-l-antilles-guyane-2018;1;tle-complementaire;NULL;2;en-attente-de-correction;bac-es-l-antilles-guyane-2018;15183010;Bac ES/L;Antilles-Guyanne;2018;Bac ES/L 2018 Antilles-Guyanne
9104;Probabilités - Bac ES/L Antilles-Guyane 2018;active;probabilites-bac-es-l-antilles-guyane-2018;2;tle-complementaire;NULL;2;en-attente-de-correction;bac-es-l-antilles-guyane-2018;15183020;Bac ES/L;Antilles-Guyanne;2018;Bac ES/L 2018 Antilles-Guyanne
9107;Suites - Bac ES/L Antilles-Guyane 2018;active;suites-bac-es-l-antilles-guyane-2018;3;tle-complementaire;NULL;2;en-attente-de-correction;bac-es-l-antilles-guyane-2018;15183030;Bac ES/L;Antilles-Guyanne;2018;Bac ES/L 2018 Antilles-Guyanne
9109;Graphes - Bac ES Antilles-Guyane 2018 (spé);active;graphes-bac-es-antilles-guyane-2018-spe;3;tle-complementaire;NULL;2;en-attente-de-correction;bac-es-l-antilles-guyane-2018;15183040;Bac ES/L;Antilles-Guyanne;2018;Bac ES/L 2018 Antilles-Guyanne
9138;Fonctions - Bac ES/L Antilles-Guyane 2018;active;fonctions-bac-es-l-antilles-guyane-2018;4;tle-complementaire;NULL;2;en-attente-de-correction;bac-es-l-antilles-guyane-2018;15183050;Bac ES/L;Antilles-Guyanne;2018;Bac ES/L 2018 Antilles-Guyanne
9371;QCM – Bac ES/L Asie 2018;active;qcm-bac-es-l-asie-2018;1;tle-complementaire;NULL;2;en-attente-de-correction;bac-es-l-asie-2018;15183510;Bac ES/L;Asie;2018;Bac ES/L 2018 Asie
9373;Probabilités – Bac ES/L Asie 2018;active;probabilites-bac-es-l-asie-2018;2;tle-complementaire;NULL;2;en-attente-de-correction;bac-es-l-asie-2018;15183520;Bac ES/L;Asie;2018;Bac ES/L 2018 Asie
9375;Suites – Bac ES/L Asie 2018;active;suites-bac-es-l-asie-2018;3;tle-complementaire;NULL;2;en-attente-de-correction;bac-es-l-asie-2018;15183530;Bac ES/L;Asie;2018;Bac ES/L 2018 Asie
9377;Matrices de transition – Bac ES Asie 2018 (spé);active;matrices-de-transition-bac-es-asie-2018-spe;3;tle-complementaire;NULL;2;en-attente-de-correction;bac-es-l-asie-2018;15183540;Bac ES/L;Asie;2018;Bac ES/L 2018 Asie
9381;Fonctions – Bac ES/L Asie 2018;active;fonctions-bac-es-l-asie-2018;4;tle-complementaire;NULL;2;en-attente-de-correction;bac-es-l-asie-2018;15183550;Bac ES/L;Asie;2018;Bac ES/L 2018 Asie
7771;Probabilités - Bac ES/L Liban 2018;active;probabilites-bac-es-l-liban-2018;1;tle-complementaire;NULL;2;en-attente-de-correction;bac-es-l-liban-2018;15184010;Bac ES/L;Liban;2018;Bac ES/L 2018 Liban
7781;Suites - Bac ES/L Liban 2018;active;suites-bac-es-l-liban-2018;2;tle-complementaire;NULL;2;en-attente-de-correction;bac-es-l-liban-2018;15184020;Bac ES/L;Liban;2018;Bac ES/L 2018 Liban
7793;QCM - Bac ES/L Liban 2018;active;qcm-bac-es-l-liban-2018;3;tle-complementaire;NULL;2;en-attente-de-correction;bac-es-l-liban-2018;15184030;Bac ES/L;Liban;2018;Bac ES/L 2018 Liban
7817;Fonctions - Bac ES/L Liban 2018;active;fonctions-bac-es-l-liban-2018;4;tle-complementaire;NULL;1;en-attente-de-correction;bac-es-l-liban-2018;15184040;Bac ES/L;Liban;2018;Bac ES/L 2018 Liban
7823;Graphes probabilistes - Bac ES Liban 2018 (spé);active;graphes-probabilistes-bac-es-liban-2018-spe;2;tle-complementaire;tes-spe-graphe-probabiliste;2;en-attente-de-correction;bac-es-l-liban-2018;15184050;Bac ES/L;Liban;2018;Bac ES/L 2018 Liban
9223;Probabilités - Bac ES/L Métropole 2018;active;probabilites-bac-es-l-metropole-2018;1;tle-complementaire;NULL;2;en-attente-de-correction;bac-es-l-metropole-2018;15185010;Bac ES/L;Métropole;2018;Bac ES/L 2018 Métropole
9225;QCM - Bac ES/L Métropole 2018;active;qcm-bac-es-l-metropole-2018;2;tle-complementaire;NULL;2;en-attente-de-correction;bac-es-l-metropole-2018;15185020;Bac ES/L;Métropole;2018;Bac ES/L 2018 Métropole
9227;Suites - Bac ES/L Métropole 2018;active;suites-bac-es-l-metropole-2018;3;tle-complementaire;NULL;2;en-attente-de-correction;bac-es-l-metropole-2018;15185030;Bac ES/L;Métropole;2018;Bac ES/L 2018 Métropole
9229;Fonctions - Bac ES/L Métropole 2018;active;fonctions-bac-es-l-metropole-2018;4;tle-complementaire;NULL;2;en-attente-de-correction;bac-es-l-metropole-2018;15185040;Bac ES/L;Métropole;2018;Bac ES/L 2018 Métropole
9231;Graphes - Bac ES Métropole 2018 (spé);active;graphes-bac-es-l-metropole-2018-spe;3;tle-complementaire;NULL;2;en-attente-de-correction;bac-es-l-metropole-2018;15185050;Bac ES/L;Métropole;2018;Bac ES/L 2018 Métropole
9320;QCM – Bac ES/L Polynésie 2018;active;qcm-bac-es-l-polynesie-2018;1;tle-complementaire;NULL;2;en-attente-de-correction;bac-es-l-polynesie-2018;15185510;Bac ES/L;Polynésie;2018;Bac ES/L 2018 Polynésie
9322;Probabilités – Bac ES/L Polynésie 2018;active;probabilites-bac-es-l-polynesie-2018;2;tle-complementaire;NULL;2;en-attente-de-correction;bac-es-l-polynesie-2018;15185520;Bac ES/L;Polynésie;2018;Bac ES/L 2018 Polynésie
9324;Suites – Bac ES/L Polynésie 2018;active;suites-bac-es-l-polynesie-2018;3;tle-complementaire;NULL;2;en-attente-de-correction;bac-es-l-polynesie-2018;15185530;Bac ES/L;Polynésie;2018;Bac ES/L 2018 Polynésie
9326;Fonctions – Bac ES/L Polynésie 2018;active;fonctions-bac-es-l-polynesie-2018;4;tle-complementaire;NULL;2;en-attente-de-correction;bac-es-l-polynesie-2018;15185540;Bac ES/L;Polynésie;2018;Bac ES/L 2018 Polynésie
9328;Graphes – Bac ES Polynésie 2018 (spé);active;graphes-bac-es-polynesie-2018-spe;4;tle-complementaire;NULL;2;en-attente-de-correction;bac-es-l-polynesie-2018;15185550;Bac ES/L;Polynésie;2018;Bac ES/L 2018 Polynésie
7028;QCM – Bac ES/L Pondichéry 2018;active;qcm-bac-es-l-pondichery-2018;1;tle-complementaire;NULL;2;exercice-corrige;bac-es-l-pondichery-2018;15186010;Bac ES/L;Pondichéry;2018;Bac ES/L 2018 Pondichéry
7070;Probabilités – Bac ES/L Pondichéry 2018;active;probabilites-bac-es-l-pondichery-2018;2;tle-complementaire;NULL;2;en-attente-de-correction;bac-es-l-pondichery-2018;15186020;Bac ES/L;Pondichéry;2018;Bac ES/L 2018 Pondichéry
7099;Suites - Bac ES/L Pondichéry 2018;active;suites-bac-es-l-pondichery-2018;3;tle-complementaire;NULL;2;en-attente-de-correction;bac-es-l-pondichery-2018;15186030;Bac ES/L;Pondichéry;2018;Bac ES/L 2018 Pondichéry
7105;Fonctions – Bac ES/L Pondichéry 2018;active;fonctions-bac-es-l-pondichery-2018;4;tle-complementaire;NULL;2;en-attente-de-correction;bac-es-l-pondichery-2018;15186040;Bac ES/L;Pondichéry;2018;Bac ES/L 2018 Pondichéry
7116;Graphes – Bac ES/L Pondichéry 2018 (spé);active;graphes-bac-es-l-pondichery-2018-spe;3;tle-complementaire;NULL;2;en-attente-de-correction;bac-es-l-pondichery-2018;15186050;Bac ES/L;Pondichéry;2018;Bac ES/L 2018 Pondichéry
1485;Suites et intégrales - Bac S Amérique du Nord 2008;active;suites-integrales-bac-s-amerique-du-nord-2008;4;terminale;NULL;2;NULL;bac-s-amerique-du-nord-2008;18082010;Bac S;Amérique du Nord;2008;Bac S 2008 Amérique du Nord
1514;Produit scalaire dans l'espace - Bac S - Amérique du Nord 2008;active;produit-scalaire-espace-bac-s-amerique-du-nord-2008;7552001;terminale;te-orthogonalite-dans-lespace;2;exercice-corrige;bac-s-amerique-du-nord-2008;18082020;Bac S;Amérique du Nord;2008;Bac S 2008 Amérique du Nord
1867;Droite d'ajustement et astronomie - Bac ES Amérique du Nord 2008;active;droite-ajustement-astronomie-amerique-nord-2008;3;tle-complementaire;NULL;2;NULL;bac-s-amerique-du-nord-2008;18082030;Bac S;Amérique du Nord;2008;Bac S 2008 Amérique du Nord
2264;Nombres complexes et géométrie - Bac S Amérique du Nord 2008;active;nombres-complexes-geometrie-bac-s-amerique-du-nord-2008;1;terminale;NULL;2;exercice-corrige;bac-s-amerique-du-nord-2008;18082040;Bac S;Amérique du Nord;2008;Bac S 2008 Amérique du Nord
2268;Surface et arithmétique - Bac S Amérique du Nord 2008;active;surface-arithmetique-bac-s-amerique-du-nord-2008;2;terminale;NULL;2;NULL;bac-s-amerique-du-nord-2008;18082050;Bac S;Amérique du Nord;2008;Bac S 2008 Amérique du Nord
2276;Etude de fonction et équations - Bac S Amérique du Nord 2008;active;etude-fonctions-equations-bac-s-amerique-du-nord-2008;7402001;terminale;te-logarithme-neperien;2;exercice-corrige;bac-s-amerique-du-nord-2008;18082060;Bac S;Amérique du Nord;2008;Bac S 2008 Amérique du Nord
2302;Intégrales Encadrements - Bac S Amérique du Nord 2008;active;integrales-encadrements-bac-s-amerique-du-nord-2008;7452001;terminale;te-primitives-et-integrales;2;exercice-corrige;bac-s-amerique-du-nord-2008;18082070;Bac S;Amérique du Nord;2008;Bac S 2008 Amérique du Nord
2308;Probabilités Variables aléatoires - Bac S Liban 2008;active;probabilites-variables-aleatoires-bac-s-liban-2008;8652001;tle-complementaire;tc-probabilites-conditionnelles;2;exercice-corrige;bac-s-liban-2008;18084010;Bac S;Liban;2008;Bac S 2008 Liban
2310;QCM Nombres complexes Géométrie dans l'espace - Bac S Liban 2008;active;qcm-complexes-geometrie-espace-bac-s-liban-2008;2;terminale;NULL;2;exercice-corrige;bac-s-liban-2008;18084020;Bac S;Liban;2008;Bac S 2008 Liban
2313;QCM spécialité - Bac S Liban 2008;active;qcm-specialite-bac-s-liban-2008;2;terminale;NULL;2;NULL;bac-s-liban-2008;18084030;Bac S;Liban;2008;Bac S 2008 Liban
2316;Etude d'une fonction-Suites-Bac S Liban 2008;active;etude-fonction-suite-bac-s-liban-2008;3;terminale;NULL;2;NULL;bac-s-liban-2008;18084040;Bac S;Liban;2008;Bac S 2008 Liban
2318;Intégrales Interprétation graphique - Bac S Liban 2008;active;integrales-interpretation-graphique-bac-s-liban-2008;4;terminale;NULL;2;NULL;bac-s-liban-2008;18084050;Bac S;Liban;2008;Bac S 2008 Liban
2213;Intégrales Calcul d'aire - Bac S Métropole 2008;active;integrales-calcul-aire-bac-s-metropole-2008;1;terminale;NULL;2;exercice-corrige;bac-s-metropole-2008;18085010;Bac S;Métropole;2008;Bac S 2008 Métropole
2486;QCM Fonctions - Bac S Métropole 2012;active;qcm-fonctions-bac-s-metropole-2012;1;terminale;NULL;2;NULL;bac-s-metropole-2012;18085010;Bac S;Métropole;2008;Bac S 2008 Métropole
2216;Equations de plans - Bac S Métropole 2008;active;equations-plans-bac-s-metropole-2008;7552001;terminale;te-orthogonalite-dans-lespace;2;exercice-corrige;bac-s-metropole-2008;18085020;Bac S;Métropole;2008;Bac S 2008 Métropole
2218;Loi exponentielle - Bac S Métropole 2008;active;loi-exponentielle-bac-s-metropole-2008;3;terminale;ts-variable-aleatoire-continue;2;exercice-corrige;bac-s-metropole-2008;18085030;Bac S;Métropole;2008;Bac S 2008 Métropole
2221;Nombres complexes et géométrie - Bac S Métropole 2008;active;nombres-complexes-geometrie-bac-s-metropole-2008;4;terminale;NULL;2;exercice-corrige;bac-s-metropole-2008;18085040;Bac S;Métropole;2008;Bac S 2008 Métropole
2227;Nombres complexes et suites - Bac S Métropole 2008;active;nombres-complexes-suites-bac-s-metropole-2008;4;terminale;NULL;2;exercice-corrige;bac-s-metropole-2008;18085050;Bac S;Métropole;2008;Bac S 2008 Métropole
2282;Nombres complexes et géométrie - Bac S Polynésie Francaise 2008;active;nombres-complexes-geometrie-bac-s-polynesie-francaise-2008;1;terminale;NULL;2;NULL;bac-s-polynesie-francaise-2008;18085510;Bac S;Polynésie;2008;Bac S 2008 Polynésie
2285;Equations de droites et de plans - Bac S Polynésie Francaise 2008;active;equations-droites-plans-bac-s-polynesie-francaise-2008;2;terminale;NULL;2;NULL;bac-s-polynesie-francaise-2008;18085520;Bac S;Polynésie;2008;Bac S 2008 Polynésie
2287;QCM général - Bac S Polynésie Francaise 2008;active;qcm-general-bac-s-polynesie-francaise-2008;3;terminale;NULL;2;exercice-corrige;bac-s-polynesie-francaise-2008;18085530;Bac S;Polynésie;2008;Bac S 2008 Polynésie
2295;QCM spécialité - Bac S Polynésie Francaise 2008;active;qcm-specialite-bac-s-polynesie-francaise-2008;3;terminale;NULL;2;NULL;bac-s-polynesie-francaise-2008;18085540;Bac S;Polynésie;2008;Bac S 2008 Polynésie
2239;Intégrale Encadrement - Bac S Pondichéry 2008;active;integrale-encadrement-bac-s-pondichery-2008;1;terminale;NULL;2;exercice-corrige;bac-s-pondichery-2008;18086010;Bac S;Pondichéry;2008;Bac S 2008 Pondichéry
2249;Nombres complexes et rotations - Bac S Pondichéry 2008;active;nombres-complexes-rotations-bac-s-pondichery-2008;2;terminale;NULL;2;NULL;bac-s-pondichery-2008;18086020;Bac S;Pondichéry;2008;Bac S 2008 Pondichéry
2252;Nombres complexes et similitudes-Bac S-Pondichéry 2008;active;nombres-complexes-similitudes-bac-s-pondichery-2008;2;terminale;NULL;2;NULL;bac-s-pondichery-2008;18086030;Bac S;Pondichéry;2008;Bac S 2008 Pondichéry
2256;Orthogonalité dans l'espace - Bac S Pondichéry 2008;active;orthogonalite-espace-bac-s-pondichery-2008;3;terminale;NULL;2;NULL;bac-s-pondichery-2008;18086040;Bac S;Pondichéry;2008;Bac S 2008 Pondichéry
2258;Suites et équations différentielles - Bac S Pondichéry 2008;active;suites-equations-differentielles-bac-s-pondichery-2008;4;terminale;NULL;2;exercice-corrige;bac-s-pondichery-2008;18086050;Bac S;Pondichéry;2008;Bac S 2008 Pondichéry
2378;Equations différentielles Probabilités - Bac S Amérique du Nord 2009;active;equation-differentielle-probabilites-bac-s-amerique-du-nord-2009;1;terminale;NULL;2;exercice-corrige;bac-s-amerique-du-nord-2009;18092010;Bac S;Amérique du Nord;2009;Bac S 2009 Amérique du Nord
2387;Intégrales et suites - Bac S Amérique du Nord 2009;active;integrales-suites-bac-s-amerique-du-nord-2009;2;terminale;NULL;2;exercice-corrige;bac-s-amerique-du-nord-2009;18092020;Bac S;Amérique du Nord;2009;Bac S 2009 Amérique du Nord
2389;Cube Barycentres - Bac S Amérique du Nord 2009;active;cube-barycentres-bac-s-amerique-du-nord-2009;3;terminale;NULL;2;exercice-corrige;bac-s-amerique-du-nord-2009;18092030;Bac S;Amérique du Nord;2009;Bac S 2009 Amérique du Nord
2391;Nombres complexes et rotations - Bac S Amérique du Nord 2009;active;nombres-complexes-rotations-bac-s-amerique-du-nord-2009;4;terminale;NULL;2;exercice-corrige;bac-s-amerique-du-nord-2009;18092040;Bac S;Amérique du Nord;2009;Bac S 2009 Amérique du Nord
2425;Probabilités : événements indépendants - Bac S Centres étrangers 2009;active;probabilites-evenements-independants-bac-s-centres-etrangers-2009;6652001;terminale;1e-probabilites-conditionnelles;2;exercice-corrige;bac-s-centres-etrangers-2009;18092510;Bac S;Centres Etrangers;2009;Bac S 2009 Centres Etrangers
2430;Géométrie analytique - Bac S Centres étrangers 2009;active;geometrie-analytique-bac-s-centres-etrangers-2009;7552001;terminale;te-orthogonalite-dans-lespace;2;NULL;bac-s-centres-etrangers-2009;18092520;Bac S;Centres Etrangers;2009;Bac S 2009 Centres Etrangers
2433;Révisions spécialité - Bac S Centres étrangers 2009;active;revisions-specialite-bac-s-centres-etrangers-2009;2;terminale;NULL;2;NULL;bac-s-centres-etrangers-2009;18092530;Bac S;Centres Etrangers;2009;Bac S 2009 Centres Etrangers
2435;QCM Nombres complexes - Bac S Centres étrangers 2009;active;qcm-nombres-complexes-bac-s-centres-etrangers-2009;9302001;tle-expert;tx-nombres-complexes-et-geometrie;2;exercice-corrige;bac-s-centres-etrangers-2009;18092540;Bac S;Centres Etrangers;2009;Bac S 2009 Centres Etrangers
2402;QCM Probabilités - Bac S Liban 2009;active;qcm-probabilites-bac-s-liban-2009;1;terminale;NULL;2;exercice-corrige;bac-s-liban-2009;18094010;Bac S;Liban;2009;Bac S 2009 Liban
2410;Etude d'une fonction - Bac S Liban 2009;active;etude-fonction-bac-s-liban-2009;2;terminale;NULL;2;NULL;bac-s-liban-2009;18094020;Bac S;Liban;2009;Bac S 2009 Liban
2413;Géométrie analytique Cube - Bac S Liban 2009;active;geometrie-analytique-cube-bac-s-liban-2009;7552001;terminale;te-orthogonalite-dans-lespace;2;NULL;bac-s-liban-2009;18094030;Bac S;Liban;2009;Bac S 2009 Liban
2415;Nombres complexes et barycentres - Bac S Liban 2009;active;nombres-complexes-barycentres-bac-s-liban-2009;4;terminale;NULL;2;NULL;bac-s-liban-2009;18094040;Bac S;Liban;2009;Bac S 2009 Liban
2417;Congruences-Bac S Liban 2009;active;congruences-bac-s-liban-2009;9502001;tle-expert;tx-pgcd-et-nombres-premiers;2;exercice-corrige;bac-s-liban-2009;18094050;Bac S;Liban;2009;Bac S 2009 Liban
1446;Suites et récurrence - Bac S Métropole 2009;active;suites-recurrence-bac-s-metropole-2009;7152001;terminale;te-suites;2;exercice-corrige;bac-s-metropole-2009;18095010;Bac S;Métropole;2009;Bac S 2009 Métropole
2320;Calcul d'aires - Bac S Métropole 2009;active;calcul-aires-bac-s-metropole-2009;2;terminale;NULL;2;exercice-corrige;bac-s-metropole-2009;18095020;Bac S;Métropole;2009;Bac S 2009 Métropole
2323;Probabilités Combinaisons - Bac S Métropole 2009;active;probabilites-combinaisons-bac-s-metropole-2009;3;terminale;NULL;2;exercice-corrige;bac-s-metropole-2009;18095030;Bac S;Métropole;2009;Bac S 2009 Métropole
2329;Nombres complexes - Bac S Métropole 2009;active;nombres-complexes-bac-s-metropole-2009;4;terminale;NULL;2;exercice-corrige;bac-s-metropole-2009;18095040;Bac S;Métropole;2009;Bac S 2009 Métropole
2334;Congruences - Bac S Métropole 2009;active;congruences-bac-s-metropole-2009;4;terminale;NULL;2;exercice-corrige;bac-s-metropole-2009;18095050;Bac S;Métropole;2009;Bac S 2009 Métropole
2340;Intégrales et suites - Bac S Pondichéry 2009;active;integrales-suites-bac-s-pondichery-2009;1;terminale;NULL;2;exercice-corrige;bac-s-pondichery-2009;18096010;Bac S;Pondichéry;2009;Bac S 2009 Pondichéry
2344;Nombres complexes Lieux géométriques - Bac S Pondichéry 2009;active;lieux-geometriques-bac-s-pondichery-2009;2;terminale;NULL;2;exercice-corrige;bac-s-pondichery-2009;18096020;Bac S;Pondichéry;2009;Bac S 2009 Pondichéry
2350;Nombres complexes et suites - Bac S Pondichéry 2009;active;nombres-complexes-et-suites-bac-s-pondichery-2009;2;terminale;NULL;2;exercice-corrige;bac-s-pondichery-2009;18096030;Bac S;Pondichéry;2009;Bac S 2009 Pondichéry
2353;QCM géométrie dans l'espace - Bac S Pondichéry 2009;active;qcm-geometrie-espace-bac-s-pondichery-2009;3;terminale;NULL;2;exercice-corrige;bac-s-pondichery-2009;18096040;Bac S;Pondichéry;2009;Bac S 2009 Pondichéry
2356;Probabilités Lancers successifs - Bac S Pondichéry 2009;active;lancers-successifs-bac-s-pondichery-2009;6652001;terminale;1e-probabilites-conditionnelles;2;exercice-corrige;bac-s-pondichery-2009;18096050;Bac S;Pondichéry;2009;Bac S 2009 Pondichéry
2462;Nombres complexes et rotations - Bac S Amérique du Nord 2011;active;complexes-rotations-bac-s-amerique-nord-2011;1;terminale;NULL;2;exercice-corrige;bac-s-amerique-du-nord-2011;18112010;Bac S;Amérique du Nord;2011;Bac S 2011 Amérique du Nord
2465;Durée de vie d'un ordinateur - Bac S Amérique du Nord 2011;active;duree-vie-bac-s-amerique-nord-2011;2;terminale;ts-variable-aleatoire-continue;2;exercice-corrige;bac-s-amerique-du-nord-2011;18112020;Bac S;Amérique du Nord;2011;Bac S 2011 Amérique du Nord
2469;Géométrie dans l'espace Barycentres - Bac S  Amérique du Nord  2011;active;barycentre-bac-s-amerique-nord-2011;3;terminale;NULL;2;exercice-corrige;bac-s-amerique-du-nord-2011;18112030;Bac S;Amérique du Nord;2011;Bac S 2011 Amérique du Nord
2471;Arithmétique : Suite d'entiers - Bac S  Amérique du Nord  2011;active;suite-entiers-bac-s-amerique-nord-2011;9502001;tle-expert;tx-pgcd-et-nombres-premiers;2;exercice-corrige;bac-s-amerique-du-nord-2011;18112040;Bac S;Amérique du Nord;2011;Bac S 2011 Amérique du Nord
2477;Fonctions et suites - Bac S  Amérique du Nord  2011;active;fonctions-suites-bac-s-amerique-nord-2011;4;terminale;NULL;2;exercice-corrige;bac-s-amerique-du-nord-2011;18112050;Bac S;Amérique du Nord;2011;Bac S 2011 Amérique du Nord
2481;Géométrie dans l'espace : Barycentre - Bac S Liban 2011;active;geometrie-dans-lespace-barycentre-bac-s-liban-2011;1;terminale;NULL;2;NULL;bac-s-liban-2011;18114010;Bac S;Liban;2011;Bac S 2011 Liban
2483;QCM Probabilités - Bac S Liban 2011;active;qcm-probabilites-bac-s-liban-2011;2;terminale;NULL;2;NULL;bac-s-liban-2011;18114020;Bac S;Liban;2011;Bac S 2011 Liban
1235;Probabilités - Contamination par un virus-Bac S Métropole-2011;active;contamination-bac-s-metropole-2011;6652001;terminale;1e-probabilites-conditionnelles;2;exercice-corrige;bac-s-metropole-2011;18115010;Bac S;Métropole;2011;Bac S 2011 Métropole
2444;Nombres complexes  QCM - Bac S Métropole-2011;active;qcm-bac-s-metropole-2011;2;terminale;NULL;2;exercice-corrige;bac-s-metropole-2011;18115020;Bac S;Métropole;2011;Bac S 2011 Métropole
1228;Probabilités - Bac S Pondichéry 2011;active;jeu-de-flechettes-bac-s-pondichery-2011;7602001;terminale;te-loi-binomiale;2;exercice-corrige;bac-s-pondichery-2011;18116010;Bac S;Pondichéry;2011;Bac S 2011 Pondichéry
2447;Fonctions Calculs d'aire - Bac S Pondichéry 2011;active;fonction-calcul-aire-bac-s-pondichery-2011;7452001;terminale;te-primitives-et-integrales;2;exercice-corrige;bac-s-pondichery-2011;18116020;Bac S;Pondichéry;2011;Bac S 2011 Pondichéry
2451;Médianes d'un tétraèdre - Bac S Pondichéry 2011;active;medianes-tetraedre-bac-s-pondichery-2011;2;terminale;NULL;2;exercice-corrige;bac-s-pondichery-2011;18116030;Bac S;Pondichéry;2011;Bac S 2011 Pondichéry
2456;Sections de surfaces - Bac S Pondichéry 2011;active;sections-surfaces-bac-s-pondichery-2011;2;terminale;NULL;2;NULL;bac-s-pondichery-2011;18116040;Bac S;Pondichéry;2011;Bac S 2011 Pondichéry
2489;Probabilités - Bac S Métropole 2012;active;probabilites-bac-s-metropole-2012;2;terminale;NULL;2;NULL;bac-s-metropole-2012;18125020;Bac S;Métropole;2012;Bac S 2012 Métropole
2491;Fonctions - Algorithmes - Bac S Métropole 2012;active;fonctions-algorithmes-bac-s-metropole-2012;3;terminale;NULL;2;en-attente-de-correction;bac-s-metropole-2012;18125030;Bac S;Métropole;2012;Bac S 2012 Métropole
2495;Nombres complexes - Transformations du plan - Bac S Métropole 2012;active;nombres-complexes-transformations-plan-bac-s-metropole-2012;4;terminale;NULL;2;NULL;bac-s-metropole-2012;18125040;Bac S;Métropole;2012;Bac S 2012 Métropole
1536;Arithmétique - Bac S Amérique du Nord 2013 (spé);active;arithmetique-bac-s-amerique-nord-2013;9402001;tle-expert;tx-divisibilite-et-congruences;2;exercice-corrige;bac-s-amerique-du-nord-2013;18132010;Bac S;Amérique du Nord;2013;Bac S 2013 Amérique du Nord
2534;Géometrie dans l'espace - Bac S Amérique du Nord 2013;active;geometrie-espace-bac-s-amerique-nord-2013;7552001;terminale;te-orthogonalite-dans-lespace;2;NULL;bac-s-amerique-du-nord-2013;18132020;Bac S;Amérique du Nord;2013;Bac S 2013 Amérique du Nord
2537;Suites - Bac S Amérique du Nord 2013;active;suites-bac-s-amerique-nord-2013;7152001;terminale;te-suites;2;exercice-corrige;bac-s-amerique-du-nord-2013;18132030;Bac S;Amérique du Nord;2013;Bac S 2013 Amérique du Nord
2541;Probabilités - Bac S  Amérique du Nord 2013;active;probabilites-bac-s-amerique-nord-2013;3;terminale;NULL;2;NULL;bac-s-amerique-du-nord-2013;18132040;Bac S;Amérique du Nord;2013;Bac S 2013 Amérique du Nord
2543;Logarithme Exponentielle - Bac S  Amérique du Nord 2013;active;logarithme-bac-s-amerique-nord-2013;4;terminale;NULL;2;NULL;bac-s-amerique-du-nord-2013;18132050;Bac S;Amérique du Nord;2013;Bac S 2013 Amérique du Nord
1469;Suites - Bac S Centres étrangers 2013;active;suites-algorithmes-bac-s-centres-etrangers-2013;7152001;terminale;te-suites;2;exercice-corrige;bac-s-centres-etrangers-2013;18132510;Bac S;Centres Etrangers;2013;Bac S 2013 Centres Etrangers
2561;Probabilités - Bac S  Centres étrangers 2013;active;probabilites-bac-s-centres-etrangers-2013;1;terminale;NULL;2;NULL;bac-s-centres-etrangers-2013;18132520;Bac S;Centres Etrangers;2013;Bac S 2013 Centres Etrangers
2564;QCM Géometrie dans l'espace - Bac S Centres étrangers 2013;active;qcm-geometrie-espace-bac-s-centres-etrangers-2013;7552001;terminale;te-orthogonalite-dans-lespace;2;exercice-corrige;bac-s-centres-etrangers-2013;18132530;Bac S;Centres Etrangers;2013;Bac S 2013 Centres Etrangers
2571;Intégrales - Bac S Centres étrangers 2013;active;integrales-bac-s-centres-etrangers-2013;7452001;terminale;te-primitives-et-integrales;2;exercice-corrige;bac-s-centres-etrangers-2013;18132540;Bac S;Centres Etrangers;2013;Bac S 2013 Centres Etrangers
1426;Suites et complexes - Bac S  Antilles Guyane 2013;active;suites-complexes-bac-s-antilles-guyane-2013;9202001;tle-expert;tx-nombres-complexes-et-algebre;2;NULL;bac-s-antilles-guyane-2013;18133010;Bac S;Antilles-Guyanne;2013;Bac S 2013 Antilles-Guyanne
1516;QCM Géométrie dans l'espace - Bac S  Antilles Guyane 2013;active;qcm-geometrie-espace-bac-s-antilles-guyane-2013;7552001;terminale;te-orthogonalite-dans-lespace;2;NULL;bac-s-antilles-guyane-2013;18133020;Bac S;Antilles-Guyanne;2013;Bac S 2013 Antilles-Guyanne
2573;Probabilités - Bac S  Antilles Guyane 2013;active;probabilites-bac-s-antilles-guyane-2013;2;terminale;NULL;2;NULL;bac-s-antilles-guyane-2013;18133030;Bac S;Antilles-Guyanne;2013;Bac S 2013 Antilles-Guyanne
2578;Fonctions - Bac S  Antilles Guyane 2013;active;fonctions-bac-s-antilles-guyane-2013;3;terminale;NULL;2;NULL;bac-s-antilles-guyane-2013;18133040;Bac S;Antilles-Guyanne;2013;Bac S 2013 Antilles-Guyanne
1439;Suites - Bac S  Asie 2013;active;suites-bac-s-asie-2013;7152001;terminale;te-suites;2;exercice-corrige;bac-s-asie-2013;18133510;Bac S;Asie;2013;Bac S 2013 Asie
2580;Probabilités - Bac S  Asie 2013;active;probabilites-bac-s-asie-2013;1;terminale;NULL;2;NULL;bac-s-asie-2013;18133520;Bac S;Asie;2013;Bac S 2013 Asie
2582;Fonctions - Bac S  Asie 2013;active;fonctions-bac-s-asie-2013;2;terminale;NULL;2;NULL;bac-s-asie-2013;18133530;Bac S;Asie;2013;Bac S 2013 Asie
2586;QCM - Bac S  Asie 2013;active;qcm-bac-s-asie-2013;3;terminale;NULL;2;NULL;bac-s-asie-2013;18133540;Bac S;Asie;2013;Bac S 2013 Asie
2520;QCM Géometrie dans l'espace - Bac S Liban 2013;active;qcm-geometrie-espace-bac-s-liban-2013;7552001;terminale;te-orthogonalite-dans-lespace;2;exercice-corrige;bac-s-liban-2013;18134010;Bac S;Liban;2013;Bac S 2013 Liban
0;Probabilités - Bac S Liban 2013;active;probabilites-bac-s-liban-2013;2;terminale;NULL;2;NULL;bac-s-liban-2013;18134020;Bac S;Liban;2013;Bac S 2013 Liban
2525;Exponentielle - Bac S Liban 2013;active;exponentielle-bac-s-liban-2013;3;terminale;NULL;2;NULL;bac-s-liban-2013;18134030;Bac S;Liban;2013;Bac S 2013 Liban
2528;Suites - Bac S Liban 2013;active;suites-bac-s-liban-2013;7152001;terminale;te-suites;2;exercice-corrige;bac-s-liban-2013;18134040;Bac S;Liban;2013;Bac S 2013 Liban
1237;Probabilités - Bac S  Métropole 2013;active;probabilites-bac-s-metropole-2013;6652001;terminale;1e-probabilites-conditionnelles;2;exercice-corrige;bac-s-metropole-2013;18135010;Bac S;Métropole;2013;Bac S 2013 Métropole
2589;Fonctions - Bac S  Métropole 2013;active;fonctions-bac-s-metropole-2013;2;terminale;NULL;2;NULL;bac-s-metropole-2013;18135020;Bac S;Métropole;2013;Bac S 2013 Métropole
2592;QCM - Bac S  Métropole 2013;active;qcm-bac-s-metropole-2013;3;terminale;NULL;2;NULL;bac-s-metropole-2013;18135030;Bac S;Métropole;2013;Bac S 2013 Métropole
2597;Suites - Bac S  Métropole 2013;active;suites-bac-s-metropole-2013;7152001;terminale;te-suites;2;exercice-corrige;bac-s-metropole-2013;18135040;Bac S;Métropole;2013;Bac S 2013 Métropole
2600;Suites Matrices - Bac S spé  Métropole 2013;active;suites-matrices-bac-s-spe-metropole-2013;4;terminale;NULL;2;NULL;bac-s-metropole-2013;18135050;Bac S;Métropole;2013;Bac S 2013 Métropole
1477;Suites - Bac S  Polynésie  2013;active;suites-bac-s-polynesie-2013;7152001;terminale;te-suites;2;exercice-corrige;bac-s-polynesie-2013;18135510;Bac S;Polynésie;2013;Bac S 2013 Polynésie
2545;Fonctions et Algorithme - Bac S  Polynésie 2013;active;fonctions-algorithme-bac-s-polynesie-2013;1;terminale;NULL;2;NULL;bac-s-polynesie-2013;18135520;Bac S;Polynésie;2013;Bac S 2013 Polynésie
2547;QCM - Bac S  Polynésie 2013;active;qcm-bac-s-polynesie-2013;2;terminale;NULL;2;NULL;bac-s-polynesie-2013;18135530;Bac S;Polynésie;2013;Bac S 2013 Polynésie
2551;Probabilités - Bac S  Polynésie 2013;active;probabilites-bac-s-polynesie-2013;3;terminale;NULL;2;NULL;bac-s-polynesie-2013;18135540;Bac S;Polynésie;2013;Bac S 2013 Polynésie
2553;Suites Matrices - Bac S  Polynésie 2013 (Spé);active;suites-bac-s-spe-polynesie-2013;4;terminale;NULL;2;NULL;bac-s-polynesie-2013;18135550;Bac S;Polynésie;2013;Bac S 2013 Polynésie
1421;Nombres complexes - Bac S Pondichéry 2013;active;nombres-complexes-bac-s-pondichery-2013;9301001;tle-expert;tx-nombres-complexes-et-geometrie;1;exercice-corrige;bac-s-pondichery-2013;18136010;Bac S;Pondichéry;2013;Bac S 2013 Pondichéry
2498;Exponentielle - Bac S Pondichéry 2013;active;exponentielle-bac-s-pondichery-2013;1;terminale;NULL;2;exercice-corrige;bac-s-pondichery-2013;18136020;Bac S;Pondichéry;2013;Bac S 2013 Pondichéry
2503;QCM Géometrie dans l'espace - Bac S centres-etrangers2013;active;qcm-geometrie-espace-bac-s-pondichery-2013;7552001;terminale;te-orthogonalite-dans-lespace;2;exercice-corrige;bac-s-pondichery-2013;18136030;Bac S ;Pondichéry;2013;Bac S  2013 Pondichéry
2514;Probabilités - Suites - Bac S Pondichéry 2013;active;probabilites-bac-s-pondichery-2013;4;terminale;NULL;2;exercice-corrige;bac-s-pondichery-2013;18136040;Bac S;Pondichéry;2013;Bac S 2013 Pondichéry
1473;Algorithmes - Bac S Amérique du Nord 2014;active;suites-bac-s-amerique-nord-2014;7152001;terminale;te-suites;2;exercice-corrige;bac-s-amerique-du-nord-2014;18142010;Bac S;Amérique du Nord;2014;Bac S 2014 Amérique du Nord
2644;Loi normale Estimations - Bac S Amérique du Nord 2014;active;probabilites-bac-s-amerique-nord-2014;1;terminale;NULL;1;NULL;bac-s-amerique-du-nord-2014;18142020;Bac S;Amérique du Nord;2014;Bac S 2014 Amérique du Nord
2646;Fonctions - Bac S Amérique du Nord 2014;active;fonctions-bac-s-amerique-nord-2014;2;terminale;NULL;2;NULL;bac-s-amerique-du-nord-2014;18142030;Bac S;Amérique du Nord;2014;Bac S 2014 Amérique du Nord
2652;Géométrie dans l'espace - Bac S Amérique du Nord 2014;active;geometrie-espace-bac-s-amerique-nord-2014;3;terminale;NULL;2;NULL;bac-s-amerique-du-nord-2014;18142040;Bac S;Amérique du Nord;2014;Bac S 2014 Amérique du Nord
2654;Matrices (spé) - Bac S Amérique du Nord 2014;active;matrices-bac-s-amerique-nord-2014;4;terminale;NULL;2;NULL;bac-s-amerique-du-nord-2014;18142050;Bac S;Amérique du Nord;2014;Bac S 2014 Amérique du Nord
2660;QCM Probabilités - Bac S Centres étrangers 2014;active;qcm-probabilites-bac-s-centres-etrangers-2014;1;terminale;NULL;2;NULL;bac-s-centres-etrangers-2014;18142510;Bac S;Centres Etrangers;2014;Bac S 2014 Centres Etrangers
2663;Complexes Suites - Bac S Centres étrangers 2014;active;complexes-suites-bac-s-centres-etrangers-2014;2;terminale;NULL;2;NULL;bac-s-centres-etrangers-2014;18142520;Bac S;Centres Etrangers;2014;Bac S 2014 Centres Etrangers
2669;Fonctions - Bac S Centres étrangers 2014;active;fonctions-bac-s-centres-etrangers-2014;3;terminale;NULL;2;NULL;bac-s-centres-etrangers-2014;18142530;Bac S;Centres Etrangers;2014;Bac S 2014 Centres Etrangers
2672;Géométrie dans l'espace - Bac S Centres étrangers 2014;active;geometrie-espace-bac-s-centres-etrangers-2014;4;terminale;NULL;2;NULL;bac-s-centres-etrangers-2014;18142540;Bac S;Centres Etrangers;2014;Bac S 2014 Centres Etrangers
2681;Matrices (spé) - Bac S Centres étrangers 2014;active;matrices-spe-bac-s-centres-etrangers-2014;4;terminale;NULL;2;NULL;bac-s-centres-etrangers-2014;18142550;Bac S;Centres Etrangers;2014;Bac S 2014 Centres Etrangers
2629;Vrai-Faux géométrie - Bac S Liban 2014;active;qcm-bac-s-liban-2014;2;terminale;NULL;2;NULL;bac-s-liban-2014;18144010;Bac S;Liban;2014;Bac S 2014 Liban
2631;Fonctions - Bac S Liban 2014;active;fonction-bac-s-liban-2014;3;terminale;NULL;2;NULL;bac-s-liban-2014;18144020;Bac S;Liban;2014;Bac S 2014 Liban
2633;Suites et complexes - Bac S Liban 2014;active;suites-complexes-bac-s-liban-2014;4;terminale;NULL;2;NULL;bac-s-liban-2014;18144030;Bac S;Liban;2014;Bac S 2014 Liban
2636;Suites et matrices (spé) - Bac S Liban 2014;active;suites-matrices-bac-s-liban-2014;4;terminale;NULL;2;NULL;bac-s-liban-2014;18144040;Bac S;Liban;2014;Bac S 2014 Liban
1408;Nombres Complexes - Bac S  Métropole 2014;active;nombres-complexes-bac-s-metropole-2014;9302001;tle-expert;tx-nombres-complexes-et-geometrie;2;exercice-corrige;bac-s-metropole-2014;18145010;Bac S;Métropole;2014;Bac S 2014 Métropole
1506;Géométrie dans l'espace - Bac S  Métropole 2014;active;geometrie-espace-bac-s-metropole-2014;7553001;terminale;te-orthogonalite-dans-lespace;3;exercice-corrige;bac-s-metropole-2014;18145020;Bac S;Métropole;2014;Bac S 2014 Métropole
2705;Fonctions Intégrales - Bac S  Métropole 2014;active;fonctions-bac-s-metropole-2014;1;terminale;NULL;2;exercice-corrige;bac-s-metropole-2014;18145030;Bac S;Métropole;2014;Bac S 2014 Métropole
2707;Probabilités - Bac S  Métropole  2014;active;probabilites-bac-s-metropole-2014;2;terminale;NULL;2;exercice-corrige;bac-s-metropole-2014;18145040;Bac S;Métropole;2014;Bac S 2014 Métropole
2750;Matrices (spé) - Bac S  Métropole 2014;active;matrices-spe-bac-s-metropole-2014;4;terminale;NULL;2;NULL;bac-s-metropole-2014;18145050;Bac S;Métropole;2014;Bac S 2014 Métropole
1480;Suites - Bac S Polynésie 2014;active;suites-bac-s-polynesie-2014;7152001;terminale;te-suites;2;exercice-corrige;bac-s-polynesie-2014;18145510;Bac S;Polynésie;2014;Bac S 2014 Polynésie
2691;Géométrie dans l'espace - Bac S Polynésie 2014;active;geometrie-espace-bac-s-polynesie-2014;1;terminale;NULL;2;NULL;bac-s-polynesie-2014;18145520;Bac S;Polynésie;2014;Bac S 2014 Polynésie
2693;Arithmétique - Bac S Polynésie 2014 (spé);active;arithmetique-spe-bac-s-polynesie-2014;2;terminale;NULL;2;NULL;bac-s-polynesie-2014;18145530;Bac S;Polynésie;2014;Bac S 2014 Polynésie
2698;QCM Probabilités - Bac S Polynésie 2014;active;qcm-probabilites-bac-s-polynesie-2014;3;terminale;NULL;2;NULL;bac-s-polynesie-2014;18145540;Bac S;Polynésie;2014;Bac S 2014 Polynésie
2701;Fonctions - Bac S Polynésie 2014;active;fonctions-bac-s-polynesie-2014;4;terminale;NULL;2;NULL;bac-s-polynesie-2014;18145550;Bac S;Polynésie;2014;Bac S 2014 Polynésie
1413;Nombres complexes - Bac S Pondichéry 2014;active;nombres-complexes-bac-s-pondichery-2014;9302001;tle-expert;tx-nombres-complexes-et-geometrie;2;exercice-corrige;bac-s-pondichery-2014;18146010;Bac S;Pondichéry;2014;Bac S 2014 Pondichéry
2605;Probabilités - Loi exponentielle - Bac S Pondichéry 2014;active;probabilites-bac-s-pondichery-2014;1;terminale;NULL;2;exercice-corrige;bac-s-pondichery-2014;18146020;Bac S;Pondichéry;2014;Bac S 2014 Pondichéry
2608;QCM Bac S Pondichéry 2014;active;qcm-bac-s-pondichery-2014;2;terminale;NULL;2;exercice-corrige;bac-s-pondichery-2014;18146030;Bac S;Pondichéry;2014;Bac S 2014 Pondichéry
2615;Matrices - Bac S Pondichéry 2014 (spé);active;matrices-bac-s-spe-pondichery-2014;3;terminale;NULL;2;NULL;bac-s-pondichery-2014;18146040;Bac S;Pondichéry;2014;Bac S 2014 Pondichéry
2626;Fonctions - Bac S Pondichéry 2014;active;fonctions-bac-s-pondichery-2014;4;terminale;NULL;2;NULL;bac-s-pondichery-2014;18146050;Bac S;Pondichéry;2014;Bac S 2014 Pondichéry
2873;Probabilités – Bac S Métropole 2015;active;probabilites-bac-s-metropole-2015;1;terminale;NULL;2;exercice-corrige;bac-s-metropole-2015;18155010;Bac S;Métropole;2015;Bac S 2015 Métropole
2892;Nombres complexes - Bac S Métropole 2015;active;nombres-complexes-bac-s-metropole-2015;9202001;terminale_expert;tx-nombres-complexes-et-algebre;2;exercice-corrige;bac-s-metropole-2015;18155020;Bac S;Métropole;2015;Bac S 2015 Métropole
3145;Arithmétique Matrices - Bac S Métropole 2015 (spé);active;arithmetique-matrices-bac-s-metropole-2015-spe;3;terminale;NULL;2;NULL;bac-s-metropole-2015;18155030;Bac S;Métropole;2015;Bac S 2015 Métropole
4018;Probabilités – Bac S Pondichéry 2016;active;probabilites-bac-s-pondichery-2016;1;terminale;NULL;2;NULL;bac-s-pondichery-2016;18166010;Bac S;Pondichéry;2016;Bac S 2016 Pondichéry
4047;Nombres complexes – Bac S Pondichéry 2016;active;nombres-complexes-bac-s-pondichery-2016;9302001;tle-expert;tx-nombres-complexes-et-geometrie;2;exercice-corrige;bac-s-pondichery-2016;18166020;Bac S;Pondichéry;2016;Bac S 2016 Pondichéry
4070;Géométrie dans l'espace – Bac S Pondichéry 2016;active;geometrie-espace-bac-s-pondichery-2016;7552001;terminale;te-orthogonalite-dans-lespace;2;exercice-corrige;bac-s-pondichery-2016;18166030;Bac S;Pondichéry;2016;Bac S 2016 Pondichéry
4080;Fonction logarithme – Bac S Pondichéry 2016;active;fonction-logarithme-bac-s-pondichery-2016;7402001;terminale;te-logarithme-neperien;2;exercice-corrige;bac-s-pondichery-2016;18166040;Bac S;Pondichéry;2016;Bac S 2016 Pondichéry
4085;Suites - Intégrales – Bac S Pondichéry 2016;active;suites-integrales-bac-s-pondichery-2016;5;terminale;NULL;3;exercice-corrige;bac-s-pondichery-2016;18166050;Bac S;Pondichéry;2016;Bac S 2016 Pondichéry
4103;Cryptographie - Bac S Pondichéry 2016 (spé);active;cryptographie-bac-s-pondichery-2016-spe;9502001;tle-expert;tx-pgcd-et-nombres-premiers;2;exercice-corrige;bac-s-pondichery-2016;18166060;Bac S;Pondichéry;2016;Bac S 2016 Pondichéry
3843;Probabilités – Bac S Nouvelle Calédonie 2016;active;probabilites-bac-s-nouvelle-caledonie-2016;1;terminale;NULL;2;NULL;bac-s-nouvelle-caledonie-2016;18167010;Bac S;Nouvelle Calédonie;2016;Bac S 2016 Nouvelle Calédonie
3870;Nombres complexes – Bac S  Nouvelle Calédonie 2016;active;nombres-complexes-bac-s-nouvelle-caledonie-2016;9302001;tle-expert;tx-nombres-complexes-et-geometrie;2;exercice-corrige;bac-s-nouvelle-caledonie-2016;18167020;Bac S;Nouvelle Calédonie;2016;Bac S 2016 Nouvelle Calédonie
6351;Bac S Centres étrangers 2017 (pdf);active;bac-s-centres-etrangers-2017-pdf;0;terminale;NULL;NULL;exercice-corrige;bac-s-centres-etrangers-2017;18172510;Bac S;Centres Etrangers;2017;Bac S 2017 Centres Etrangers
6356;Bac S Métropole 2017 (pdf);active;bac-s-metropole-2017-pdf;0;terminale;NULL;NULL;exercice-corrige;bac-s-centres-etrangers-2017;18172520;Bac S;Centres Etrangers;2017;Bac S 2017 Centres Etrangers
6358;Bac ES/L Métropole 2017 (pdf);active;bac-esl-metropole-2017-pdf;0;tle-complementaire;NULL;NULL;exercice-corrige;bac-s-centres-etrangers-2017;18172530;Bac S;Centres Etrangers;2017;Bac S 2017 Centres Etrangers
6248;Géométrie dans l'espace - Bac S Pondichéry 2017;active;geometrie-lespace-bac-s-pondichery-2017;7503001;terminale;te-droites-et-plans-dans-lespace;3;exercice-corrige;bac-s-pondichery-2017;18176010;Bac S;Pondichéry;2017;Bac S 2017 Pondichéry
6271;Nombres complexes - Bac S Pondichéry 2017;active;nombres-complexes-bac-s-pondichery-2017;9301001;tle-expert;tx-nombres-complexes-et-geometrie;1;exercice-corrige;bac-s-pondichery-2017;18176020;Bac S;Pondichéry;2017;Bac S 2017 Pondichéry
7916;Probabilités - Bac S Amérique du Nord  2018;active;probabilites-bac-s-amerique-du-nord-2018;1;terminale;NULL;2;en-attente-de-correction;bac-s-amerique-du-nord-2018;18182010;Bac S;Amérique du Nord;2018;Bac S 2018 Amérique du Nord
7931;Fonctions - Bac S Amérique du Nord  2018;active;fonctions-bac-s-amerique-du-nord-2018;2;terminale;NULL;2;en-attente-de-correction;bac-s-amerique-du-nord-2018;18182020;Bac S;Amérique du Nord;2018;Bac S 2018 Amérique du Nord
7949;Géométrie dans l'espace - Bac S Amérique du Nord  2018;active;geometrie-dans-lespace-bac-s-amerique-du-nord-2018;3;terminale;NULL;2;en-attente-de-correction;bac-s-amerique-du-nord-2018;18182030;Bac S;Amérique du Nord;2018;Bac S 2018 Amérique du Nord
7974;Suites - Fonctions - Bac S Amérique du Nord  2018;active;suites-fonctions-bac-s-amerique-du-nord-2018;4;terminale;NULL;2;en-attente-de-correction;bac-s-amerique-du-nord-2018;18182040;Bac S;Amérique du Nord;2018;Bac S 2018 Amérique du Nord
8011;Suites - Matrices - Bac S Amérique du Nord  2018 (spé);active;suites-matrices-bac-s-amerique-du-nord-2018-spe;4;terminale;NULL;2;en-attente-de-correction;bac-s-amerique-du-nord-2018;18182050;Bac S;Amérique du Nord;2018;Bac S 2018 Amérique du Nord
8595;Fonctions - Bac S Centres étrangers  2018;active;fonctions-bac-s-centres-etrangers-2018;1;terminale;NULL;2;en-attente-de-correction;bac-s-centres-etrangers-2018;18182510;Bac S;Centres Etrangers;2018;Bac S 2018 Centres Etrangers
8604;QCM - Bac S Centres étrangers  2018;active;qcm-bac-s-centres-etrangers-2018;2;terminale;NULL;2;en-attente-de-correction;bac-s-centres-etrangers-2018;18182520;Bac S;Centres Etrangers;2018;Bac S 2018 Centres Etrangers
8610;Probabilités - Bac S Centres étrangers  2018;active;probabilites-bac-s-centres-etrangers-2018;3;terminale;NULL;2;en-attente-de-correction;bac-s-centres-etrangers-2018;18182530;Bac S;Centres Etrangers;2018;Bac S 2018 Centres Etrangers
8625;Géométrie dans l'espace - Bac S Centres étrangers  2018;active;geometrie-dans-lespace-bac-s-centres-etrangers-2018;4;terminale;NULL;2;en-attente-de-correction;bac-s-centres-etrangers-2018;18182540;Bac S;Centres Etrangers;2018;Bac S 2018 Centres Etrangers
8638;Cryptage RSA - Bac S Centres étrangers  2018 (spé);active;cryptage-rsa-bac-s-centres-etrangers-2018-spe;4;terminale;NULL;2;en-attente-de-correction;bac-s-centres-etrangers-2018;18182550;Bac S;Centres Etrangers;2018;Bac S 2018 Centres Etrangers
9063;Probabilités - Bac S Antilles-Guyane 2018;active;probabilites-bac-s-antilles-guyane-2018;1;terminale;NULL;2;en-attente-de-correction;bac-s-antilles-guyane-2018;18183010;Bac S;Antilles-Guyanne;2018;Bac S 2018 Antilles-Guyanne
9070;Géométrie dans l'espace - Bac S Antilles-Guyane 2018;active;geometrie-dans-lespace-bac-s-antilles-guyane-2018;2;terminale;NULL;2;en-attente-de-correction;bac-s-antilles-guyane-2018;18183020;Bac S;Antilles-Guyanne;2018;Bac S 2018 Antilles-Guyanne
9074;Fonctions - Bac S Antilles-Guyane 2018;active;fonctions-bac-s-antilles-guyane-2018;3;terminale;NULL;2;en-attente-de-correction;bac-s-antilles-guyane-2018;18183030;Bac S;Antilles-Guyanne;2018;Bac S 2018 Antilles-Guyanne
9080;Suites - Bac S Antilles-Guyane 2018;active;suites-bac-s-antilles-guyane-2018;4;terminale;NULL;2;en-attente-de-correction;bac-s-antilles-guyane-2018;18183040;Bac S;Antilles-Guyanne;2018;Bac S 2018 Antilles-Guyanne
9091;Matrices de transition - Bac S Antilles-Guyane 2018 (spé);active;matrices-de-transition-bac-s-antilles-guyane-2018-spe;4;terminale;NULL;2;en-attente-de-correction;bac-s-antilles-guyane-2018;18183050;Bac S;Antilles-Guyanne;2018;Bac S 2018 Antilles-Guyanne
9440;Fonctions – Bac S Asie 2018;active;fonctions-bac-s-asie-2018;1;terminale;NULL;2;en-attente-de-correction;bac-s-asie-2018;18183510;Bac S;Asie;2018;Bac S 2018 Asie
9442;Probabilités – Bac S Asie 2018;active;probabilites-bac-s-asie-2018;2;terminale;NULL;2;en-attente-de-correction;bac-s-asie-2018;18183520;Bac S;Asie;2018;Bac S 2018 Asie
9444;Géométrie dans l'espace – Bac S Asie 2018;active;geometrie-dans-lespace-bac-s-asie-2018;3;terminale;NULL;2;en-attente-de-correction;bac-s-asie-2018;18183530;Bac S;Asie;2018;Bac S 2018 Asie
9446;Nombres complexes – Bac S Asie 2018;active;nombres-complexes-bac-s-asie-2018;4;terminale;NULL;2;en-attente-de-correction;bac-s-asie-2018;18183540;Bac S;Asie;2018;Bac S 2018 Asie
9448;Arithmétique – Bac S Asie 2018 (spé);active;arithmetique-bac-s-asie-2018-spe;4;terminale;NULL;2;en-attente-de-correction;bac-s-asie-2018;18183550;Bac S;Asie;2018;Bac S 2018 Asie
7716;Lois continues – Bac S Liban 2018;active;probabilites-bac-s-liban-2018;1;terminale;NULL;2;en-attente-de-correction;bac-s-liban-2018;18184010;Bac S;Liban;2018;Bac S 2018 Liban
7722;Nombres complexes – Bac S Liban 2018;active;nombres-complexes-bac-s-liban-2018;9202001;tle-expert;tx-nombres-complexes-et-algebre;2;en-attente-de-correction;bac-s-liban-2018;18184020;Bac S;Liban;2018;Bac S 2018 Liban
7729;Géométrie dans l'espace – Bac S Liban 2018;active;geometrie-dans-lespace-bac-s-liban-2018;3;terminale;NULL;2;en-attente-de-correction;bac-s-liban-2018;18184030;Bac S;Liban;2018;Bac S 2018 Liban
7740;Suite de fonctions - Bac S Liban 2018;active;suite-de-fonctions-bac-s-liban-2018;4;terminale;NULL;2;NULL;bac-s-liban-2018;18184040;Bac S;Liban;2018;Bac S 2018 Liban
7752;Suites et probabilités - Bac S Liban 2018;active;suites-et-probabilites-bac-s-liban-2018;5;terminale;NULL;2;en-attente-de-correction;bac-s-liban-2018;18184050;Bac S;Liban;2018;Bac S 2018 Liban
7761;Suite de Fibonacci - Bac S Liban 2018 (spé);active;suite-de-fibonacci-bac-s-liban-2018-spe;5;terminale;NULL;2;en-attente-de-correction;bac-s-liban-2018;18184060;Bac S;Liban;2018;Bac S 2018 Liban
9167;Fonctions - Bac S Métropole 2018;active;fonctions-bac-s-metropole-2018;1;terminale;3e-division-euclidienne;2;en-attente-de-correction;bac-s-metropole-2018;18185010;Bac S;Métropole;2018;Bac S 2018 Métropole
9171;Probabilités- Bac S Métropole 2018;active;probabilites-bac-s-metropole-2018;2;terminale;NULL;2;en-attente-de-correction;bac-s-metropole-2018;18185020;Bac S;Métropole;2018;Bac S 2018 Métropole
9174;Géométrie dans l'espace - Bac S Métropole 2018;active;geometrie-dans-lespace-bac-s-metropole-2018;3;terminale;NULL;2;en-attente-de-correction;bac-s-metropole-2018;18185030;Bac S;Métropole;2018;Bac S 2018 Métropole
9176;Nombres complexes - Bac S Métropole 2018;active;nombres-complexes-bac-s-metropole-2018;4;terminale;NULL;2;en-attente-de-correction;bac-s-metropole-2018;18185040;Bac S;Métropole;2018;Bac S 2018 Métropole
9178;Matrices et arithmétique - Bac S Métropole 2018 (spé);active;matrices-et-arithmetique-bac-s-metropole-2018-spe;4;terminale;NULL;2;en-attente-de-correction;bac-s-metropole-2018;18185050;Bac S;Métropole;2018;Bac S 2018 Métropole
9274;Probabilités – Bac S Polynésie 2018;active;probabilites-bac-s-polynesie-2018;1;terminale;NULL;2;en-attente-de-correction;bac-s-polynesie-2018;18185510;Bac S;Polynésie;2018;Bac S 2018 Polynésie
9276;Fonctions et Volumes – Bac S Polynésie 2018;active;fonctions-et-volumes-bac-s-polynesie-2018;2;terminale;NULL;2;en-attente-de-correction;bac-s-polynesie-2018;18185520;Bac S;Polynésie;2018;Bac S 2018 Polynésie
9278;Fonctions et Aires – Bac S Polynésie 2018;active;fonctions-et-aires-bac-s-polynesie-2018;3;terminale;NULL;2;en-attente-de-correction;bac-s-polynesie-2018;18185530;Bac S;Polynésie;2018;Bac S 2018 Polynésie
9280;Suites – Bac S Polynésie 2018;active;suites-bac-s-polynesie-2018;4;terminale;NULL;2;en-attente-de-correction;bac-s-polynesie-2018;18185540;Bac S;Polynésie;2018;Bac S 2018 Polynésie
9282;Matrices de transition – Bac S Polynésie 2018 (spé);active;matrices-de-transition-bac-s-polynesie-2018-spe;4;terminale;NULL;2;en-attente-de-correction;bac-s-polynesie-2018;18185550;Bac S;Polynésie;2018;Bac S 2018 Polynésie
7127;Suites et Fonctions – Bac S Pondichéry 2018;active;suites-et-fonctions-bac-s-pondichery-2018;1;terminale;NULL;2;exercice-corrige;bac-s-pondichery-2018;18186010;Bac S;Pondichéry;2018;Bac S 2018 Pondichéry
7157;Nombres complexes – Bac S Pondichéry 2018;active;nombres-complexes-bac-s-pondichery-2018;9301001;tle-expert;tx-nombres-complexes-et-geometrie;1;exercice-corrige;bac-s-pondichery-2018;18186020;Bac S;Pondichéry;2018;Bac S 2018 Pondichéry
7171;Géométrie dans l'espace – Bac S Pondichéry 2018;active;geometrie-dans-lespace-bac-s-pondichery-2018;4;terminale;NULL;2;exercice-corrige;bac-s-pondichery-2018;18186030;Bac S;Pondichéry;2018;Bac S 2018 Pondichéry
7178;Probabilités – Bac S Pondichéry 2018;active;probabilites-bac-s-pondichery-2018;3;terminale;NULL;2;NULL;bac-s-pondichery-2018;18186040;Bac S;Pondichéry;2018;Bac S 2018 Pondichéry
7213;Chiffrement – Bac S Pondichéry 2018 (spé);active;chiffrement-bac-s-pondichery-2018-spe;4;terminale;NULL;2;en-attente-de-correction;bac-s-pondichery-2018;18186050;Bac S;Pondichéry;2018;Bac S 2018 Pondichéry
